-3;2;-357;
-3;2;-357;
-3;2;-357;
-3;2;-358;
-3;2;-358;
-3;2;-358;
-3;3;-358;
-3;3;-358;
-4;3;-358;
-4;2;-357;
-4;2;-357;
-4;3;-357;
-4;3;-357;
-4;3;-358;
-4;3;-358;
-4;3;-356;
-4;2;-356;
-4;2;-357;
-3;2;-357;
-3;2;-357;
-3;2;-356;
-3;2;-356;
-3;2;-357;
-3;2;-357;
-3;2;-357;
-3;2;-356;
-3;2;-356;
-3;2;-357;
-4;3;-357;
-4;3;-357;
-4;3;-358;
-4;3;-358;
-3;3;-358;
-3;3;-358;
-3;3;-357;
-3;3;-357;
-3;3;-357;
-3;2;-357;
-3;2;-357;
-3;2;-357;
-3;2;-357;
-3;2;-357;
-3;2;-357;
-3;2;-357;
-3;2;-358;
-3;2;-358;
-3;2;-357;
-3;2;-357;
-3;2;-357;
-3;2;-357;
-3;2;-356;
-4;2;-356;
-4;3;-356;
-3;3;-356;
-3;3;-356;
-3;3;-357;
-3;3;-357;
-3;2;-358;
-3;2;-358;
-3;2;-358;
-3;2;-357;
-3;2;-357;
-3;2;-357;
-3;2;-357;
-3;2;-357;
-3;2;-357;
-3;2;-357;
-3;2;-358;
-3;2;-358;
-3;2;-358;
-3;3;-358;
-3;3;-358;
-4;3;-358;
-4;2;-357;
-4;2;-357;
-4;3;-357;
-4;3;-357;
-4;3;-358;
-4;3;-358;
-4;3;-356;
-4;2;-356;
-4;2;-357;
-3;2;-357;
-3;2;-357;
-3;2;-356;
-3;2;-356;
-3;2;-357;
-3;2;-357;
-3;2;-357;
-3;2;-356;
-3;2;-356;
-3;2;-357;
-4;3;-357;
-4;3;-357;
-4;3;-358;
-4;3;-358;
-3;3;-358;
-3;3;-358;
-3;3;-357;
-3;3;-357;
-3;3;-357;
-3;2;-357;
-3;2;-357;
-3;2;-357;
-3;2;-357;
-3;2;-357;
-3;2;-357;
-3;2;-357;
-3;2;-358;
-3;2;-358;
-3;2;-357;
-3;2;-357;
-3;2;-357;
-3;2;-357;
-3;2;-356;
-4;2;-356;
-4;3;-356;
-3;3;-356;
-3;3;-356;
-3;3;-357;
-3;3;-357;
-3;2;-358;
-3;2;-358;
-3;2;-358;
-3;2;-357;
-3;2;-357;
-3;2;-357;
-3;2;-357;
-3;2;-357;
-3;2;-357;
-3;2;-357;
-3;2;-358;
-3;2;-358;
-3;2;-358;
-3;3;-358;
-3;3;-358;
-4;3;-358;
-4;2;-357;
-4;2;-357;
-4;3;-357;
-4;3;-357;
-4;3;-358;
-4;3;-358;
-4;3;-356;
-4;2;-356;
-4;2;-357;
-3;2;-357;
-3;2;-357;
-3;2;-356;
-3;2;-356;
-3;2;-357;
-3;2;-357;
-3;2;-357;
-3;2;-356;
-3;2;-356;
-3;2;-357;
-4;3;-357;
-4;3;-357;
-4;3;-358;
-4;3;-358;
-3;3;-358;
-3;3;-358;
-3;3;-357;
-3;3;-357;
-3;3;-357;
-3;2;-357;
-3;2;-357;
-3;2;-357;
-3;2;-357;
-3;2;-357;
-3;2;-357;
-3;2;-357;
-3;2;-358;
-3;2;-358;
-3;2;-357;
-3;2;-357;
-3;2;-357;
-3;2;-357;
-3;2;-356;
-4;2;-356;
-4;3;-356;
-3;3;-356;
-3;3;-356;
-3;3;-357;
-3;3;-357;
-3;2;-358;
-3;2;-358;
-3;2;-358;
-3;2;-357;
-3;2;-357;
-3;2;-357;
-3;2;-357;
-3;2;-357;
-3;2;-357;
-3;2;-357;
-3;2;-358;
-3;2;-358;
-3;2;-358;
-3;3;-358;
-3;3;-358;
-4;3;-358;
-4;2;-357;
-4;2;-357;
-4;3;-357;
-4;3;-357;
-4;3;-358;
-4;3;-358;
-4;3;-356;
-4;2;-356;
-4;2;-357;
-3;2;-357;
-3;2;-357;
-3;2;-356;
-3;2;-356;
-3;2;-357;
-3;2;-357;
-3;2;-357;
-3;2;-356;
-3;2;-356;
-3;2;-357;
-4;3;-357;
-4;3;-357;
-4;3;-358;
-4;3;-358;
-3;3;-358;
-3;3;-358;
-3;3;-357;
-3;3;-357;
-3;3;-357;
-3;2;-357;
-3;2;-357;
-3;2;-357;
-3;2;-357;
-3;2;-357;
-3;2;-357;
-3;2;-357;
-3;2;-358;
-3;2;-358;
-3;2;-357;
-3;2;-357;
-3;2;-357;
-3;2;-357;
-3;2;-356;
-4;2;-356;
-4;3;-356;
-3;3;-356;
-3;3;-356;
-3;3;-357;
-3;3;-357;
-3;2;-358;
-3;2;-358;
-3;2;-358;
-3;2;-357;
-3;2;-357;
-3;2;-357;
-3;2;-357;
-3;2;-357;
-3;2;-357;
-3;2;-357;
-3;2;-358;
-3;2;-358;
-3;2;-358;
-3;3;-358;
-3;3;-358;
-4;3;-358;
-4;2;-357;
-4;2;-357;
-4;3;-357;
-4;3;-357;
-4;3;-358;
-4;3;-358;
-4;3;-356;
-4;2;-356;
-4;2;-357;
-3;2;-357;
-3;2;-357;
-3;2;-356;
-3;2;-356;
-3;2;-357;
-3;2;-357;
-3;2;-357;
-3;2;-356;
-3;2;-356;
-3;2;-357;
-4;3;-357;
-4;3;-357;
-4;3;-358;
-4;3;-358;
-3;3;-358;
-3;3;-358;
-3;3;-357;
-3;3;-357;
-3;3;-357;
-3;2;-357;
-3;2;-357;
-3;2;-357;
-3;2;-357;
-3;2;-357;
-3;2;-357;
-3;2;-357;
-3;2;-358;
-3;2;-358;
-3;2;-357;
-3;2;-357;
-3;2;-357;
-3;2;-357;
-3;2;-356;
-4;2;-356;
-4;3;-356;
-3;3;-356;
-3;3;-356;
-3;3;-357;
-3;3;-357;
-3;2;-358;
-3;2;-358;
-3;2;-358;
-3;2;-357;
-3;2;-357;
-3;2;-357;
-3;2;-357;
-3;2;-357;
-3;2;-357;
-3;2;-357;
-3;2;-358;
-3;2;-358;
-3;2;-358;
-3;3;-358;
-3;3;-358;
-4;3;-358;
-4;2;-357;
-4;2;-357;
-4;3;-357;
-4;3;-357;
-4;3;-358;
-4;3;-358;
-4;3;-356;
-4;2;-356;
-4;2;-357;
-3;2;-357;
-3;2;-357;
-3;2;-356;
-3;2;-356;
-3;2;-357;
-3;2;-357;
-3;2;-357;
-3;2;-356;
-3;2;-356;
-3;2;-357;
-4;3;-357;
-4;3;-357;
-4;3;-358;
-4;3;-358;
-3;3;-358;
-3;3;-358;
-3;3;-357;
-3;3;-357;
-3;3;-357;
-3;2;-357;
-3;2;-357;
-3;2;-357;
-3;2;-357;
-3;2;-357;
-3;2;-357;
-3;2;-357;
-3;2;-358;
-3;2;-358;
-3;2;-357;
-3;2;-357;
-3;2;-357;
-3;2;-357;
-3;2;-356;
-4;2;-356;
-4;3;-356;
-3;3;-356;
-3;3;-356;
-3;3;-357;
-3;3;-357;
-3;2;-358;
-3;2;-358;
-3;2;-358;
-3;2;-357;
-3;2;-357;
-3;2;-357;
-3;2;-357;
-3;2;-357;
-3;2;-357;
-3;2;-357;
-3;2;-357;
-3;2;-357;
-3;2;-357;
-3;2;-357;
-4;2;-357;
-4;2;-357;
-4;2;-358;
-4;2;-358;
-3;2;-357;
-3;2;-356;
-3;2;-356;
-3;2;-357;
-3;2;-357;
-3;2;-357;
-3;2;-358;
-2;2;-358;
-2;2;-358;
-2;2;-358;
-3;3;-358;
-3;3;-357;
-2;3;-357;
-2;3;-357;
-3;3;-357;
-3;3;-357;
-3;3;-357;
-3;3;-357;
-3;3;-357;
-3;3;-358;
-3;3;-358;
-4;2;-358;
-4;2;-359;
-4;2;-359;
-4;2;-358;
-4;2;-357;
-3;2;-356;
-3;2;-355;
-3;2;-355;
-3;2;-355;
-3;2;-355;
-3;2;-357;
-3;3;-358;
-3;3;-358;
-3;3;-358;
-4;3;-358;
-4;3;-358;
-3;3;-358;
-3;2;-357;
-3;2;-357;
-3;3;-358;
-3;3;-358;
-3;2;-358;
-3;2;-357;
-3;2;-357;
-4;2;-357;
-4;2;-357;
-3;2;-358;
-3;2;-357;
-3;2;-358;
-3;2;-358;
-3;2;-358;
-3;2;-358;
-3;2;-357;
-3;2;-357;
-3;2;-357;
-3;2;-357;
-3;2;-357;
-3;2;-357;
-3;2;-357;
-4;2;-357;
-4;2;-357;
-4;2;-358;
-4;2;-358;
-3;2;-357;
-3;2;-356;
-3;2;-356;
-3;2;-357;
-3;2;-357;
-3;2;-357;
-3;2;-358;
-2;2;-358;
-2;2;-358;
-2;2;-358;
-3;3;-358;
-3;3;-357;
-2;3;-357;
-2;3;-357;
-3;3;-357;
-3;3;-357;
-3;3;-357;
-3;3;-357;
-3;3;-357;
-3;3;-358;
-3;3;-358;
-4;2;-358;
-4;2;-359;
-4;2;-359;
-4;2;-358;
-4;2;-357;
-3;2;-356;
-3;2;-355;
-3;2;-355;
-3;2;-355;
-3;2;-355;
-3;2;-357;
-3;3;-358;
-3;3;-358;
-3;3;-358;
-4;3;-358;
-4;3;-358;
-3;3;-358;
-3;2;-357;
-3;2;-357;
-3;3;-358;
-3;3;-358;
-3;2;-358;
-3;2;-357;
-3;2;-357;
-4;2;-357;
-4;2;-357;
-3;2;-358;
-3;2;-357;
-3;2;-358;
-3;2;-358;
-3;2;-358;
-3;2;-358;
-3;2;-357;
-3;2;-357;
-3;2;-357;
-3;2;-357;
-3;2;-357;
-3;2;-357;
-3;2;-357;
-4;2;-357;
-4;2;-357;
-4;2;-358;
-4;2;-358;
-3;2;-357;
-3;2;-356;
-3;2;-356;
-3;2;-357;
-3;2;-357;
-3;2;-357;
-3;2;-358;
-2;2;-358;
-2;2;-358;
-2;2;-358;
-3;3;-358;
-3;3;-357;
-2;3;-357;
-2;3;-357;
-3;3;-357;
-3;3;-357;
-3;3;-357;
-3;3;-357;
-3;3;-357;
-3;3;-358;
-3;3;-358;
-4;2;-358;
-4;2;-359;
-4;2;-359;
-4;2;-358;
-4;2;-357;
-3;2;-356;
-3;2;-355;
-3;2;-355;
-3;2;-355;
-3;2;-355;
-3;2;-357;
-3;3;-358;
-3;3;-358;
-3;3;-358;
-4;3;-358;
-4;3;-358;
-3;3;-358;
-3;2;-357;
-3;2;-357;
-3;3;-358;
-3;3;-358;
-3;2;-358;
-3;2;-357;
-3;2;-357;
-4;2;-357;
-4;2;-357;
-3;2;-358;
-3;2;-357;
-3;2;-358;
-3;2;-358;
-3;2;-358;
-3;2;-358;
-3;2;-357;
-3;2;-357;
-3;2;-357;
-3;2;-357;
-3;2;-357;
-3;2;-357;
-3;2;-357;
-4;2;-357;
-4;2;-357;
-4;2;-358;
-4;2;-358;
-3;2;-357;
-3;2;-356;
-3;2;-356;
-3;2;-357;
-3;2;-357;
-3;2;-357;
-3;2;-358;
-2;2;-358;
-2;2;-358;
-2;2;-358;
-3;3;-358;
-3;3;-357;
-2;3;-357;
-2;3;-357;
-3;3;-357;
-3;3;-357;
-3;3;-357;
-3;3;-357;
-3;3;-357;
-3;3;-358;
-3;3;-358;
-4;2;-358;
-4;2;-359;
-4;2;-359;
-4;2;-358;
-4;2;-357;
-3;2;-356;
-3;2;-355;
-3;2;-355;
-3;2;-355;
-3;2;-355;
-3;2;-357;
-3;3;-358;
-3;3;-358;
-3;3;-358;
-4;3;-358;
-4;3;-358;
-3;3;-358;
-3;2;-357;
-3;2;-357;
-3;3;-358;
-3;3;-358;
-3;2;-358;
-3;2;-357;
-3;2;-357;
-4;2;-357;
-4;2;-357;
-3;2;-358;
-3;2;-357;
-3;2;-358;
-3;2;-358;
-3;2;-358;
-3;2;-358;
-3;2;-357;
-3;2;-357;
-3;2;-357;
-3;2;-357;
-3;2;-357;
-3;2;-357;
-3;2;-357;
-4;2;-357;
-4;2;-357;
-4;2;-358;
-4;2;-358;
-3;2;-357;
-3;2;-356;
-3;2;-356;
-3;2;-357;
-3;2;-357;
-3;2;-357;
-3;2;-358;
-2;2;-358;
-2;2;-358;
-2;2;-358;
-3;3;-358;
-3;3;-357;
-2;3;-357;
-2;3;-357;
-3;3;-357;
-3;3;-357;
-3;3;-357;
-3;3;-357;
-3;3;-357;
-3;3;-358;
-3;3;-358;
-4;2;-358;
-4;2;-359;
-4;2;-359;
-4;2;-358;
-4;2;-357;
-3;2;-356;
-3;2;-355;
-3;2;-355;
-3;2;-355;
-3;2;-355;
-3;2;-357;
-3;3;-358;
-3;3;-358;
-3;3;-358;
-4;3;-358;
-4;3;-358;
-3;3;-358;
-3;2;-357;
-3;2;-357;
-3;3;-358;
-3;3;-358;
-3;2;-358;
-3;2;-357;
-3;2;-357;
-4;2;-357;
-4;2;-357;
-3;2;-358;
-3;2;-357;
-3;2;-358;
-3;2;-358;
-3;2;-358;
-3;2;-358;
-3;2;-357;
-3;2;-357;
-3;2;-357;
-3;2;-357;
-3;2;-357;
-3;2;-357;
-3;2;-357;
-4;2;-357;
-4;2;-357;
-4;2;-358;
-4;2;-358;
-3;2;-357;
-3;2;-356;
-3;2;-356;
-3;2;-357;
-3;2;-357;
-3;2;-357;
-3;2;-358;
-2;2;-358;
-2;2;-358;
-2;2;-358;
-3;3;-358;
-3;3;-357;
-2;3;-357;
-2;3;-357;
-3;3;-357;
-3;3;-357;
-3;3;-357;
-3;3;-357;
-3;3;-357;
-3;3;-358;
-3;3;-358;
-4;2;-358;
-4;2;-359;
-4;2;-359;
-4;2;-358;
-4;2;-357;
-3;2;-356;
-3;2;-355;
-3;2;-355;
-3;2;-355;
-3;2;-355;
-3;2;-357;
-3;3;-358;
-3;3;-358;
-3;3;-358;
-4;3;-358;
-4;3;-358;
-3;3;-358;
-3;2;-357;
-3;2;-357;
-3;3;-358;
-3;3;-358;
-3;2;-358;
-3;2;-357;
-3;2;-357;
-4;2;-357;
-4;2;-357;
-3;2;-358;
-3;2;-357;
-3;2;-358;
-3;2;-358;
-3;2;-358;
-3;2;-358;
-3;2;-358;
-3;2;-358;
-3;3;-357;
-3;3;-357;
-3;3;-357;
-3;3;-358;
-3;3;-358;
-3;3;-357;
-3;3;-357;
-3;3;-356;
-3;3;-356;
-3;2;-358;
-3;2;-358;
-3;2;-358;
-3;1;-358;
-3;1;-357;
-3;1;-357;
-3;43;-312;
-2;271;-95;
-2;349;-31;
-2;350;-30;
-2;351;-30;
-3;351;-31;
-3;351;-32;
-3;351;-33;
-3;351;-35;
-3;351;-36;
-4;351;-37;
-4;351;-36;
-4;350;-35;
-4;349;-34;
-4;349;-33;
-4;349;-31;
-4;349;-31;
-4;349;-31;
-4;349;-32;
-5;350;-31;
-6;350;-31;
-6;351;-31;
-6;351;-33;
-6;351;-33;
-6;351;-33;
-6;351;-33;
-6;350;-32;
-6;350;-32;
-6;351;-32;
-6;351;-31;
-6;350;-31;
-6;349;-31;
-6;349;-30;
-7;350;-30;
-7;351;-30;
-8;351;-32;
-8;352;-32;
-8;352;-32;
-8;352;-32;
-8;352;-32;
-8;352;-34;
-8;351;-34;
-6;351;-34;
-5;350;-34;
-5;350;-34;
-5;350;-32;
-5;351;-32;
-3;2;-358;
-3;2;-358;
-3;3;-357;
-3;3;-357;
-3;3;-357;
-3;3;-358;
-3;3;-358;
-3;3;-357;
-3;3;-357;
-3;3;-356;
-3;3;-356;
-3;2;-358;
-3;2;-358;
-3;2;-358;
-3;1;-358;
-3;1;-357;
-3;1;-357;
-3;43;-312;
-2;271;-95;
-2;349;-31;
-2;350;-30;
-2;351;-30;
-3;351;-31;
-3;351;-32;
-3;351;-33;
-3;351;-35;
-3;351;-36;
-4;351;-37;
-4;351;-36;
-4;350;-35;
-4;349;-34;
-4;349;-33;
-4;349;-31;
-4;349;-31;
-4;349;-31;
-4;349;-32;
-5;350;-31;
-6;350;-31;
-6;351;-31;
-6;351;-33;
-6;351;-33;
-6;351;-33;
-6;351;-33;
-6;350;-32;
-6;350;-32;
-6;351;-32;
-6;351;-31;
-6;350;-31;
-6;349;-31;
-6;349;-30;
-7;350;-30;
-7;351;-30;
-8;351;-32;
-8;352;-32;
-8;352;-32;
-8;352;-32;
-8;352;-32;
-8;352;-34;
-8;351;-34;
-6;351;-34;
-5;350;-34;
-5;350;-34;
-5;350;-32;
-5;351;-32;
-3;2;-358;
-3;2;-358;
-3;3;-357;
-3;3;-357;
-3;3;-357;
-3;3;-358;
-3;3;-358;
-3;3;-357;
-3;3;-357;
-3;3;-356;
-3;3;-356;
-3;2;-358;
-3;2;-358;
-3;2;-358;
-3;1;-358;
-3;1;-357;
-3;1;-357;
-3;43;-312;
-2;271;-95;
-2;349;-31;
-2;350;-30;
-2;351;-30;
-3;351;-31;
-3;351;-32;
-3;351;-33;
-3;351;-35;
-3;351;-36;
-4;351;-37;
-4;351;-36;
-4;350;-35;
-4;349;-34;
-4;349;-33;
-4;349;-31;
-4;349;-31;
-4;349;-31;
-4;349;-32;
-5;350;-31;
-6;350;-31;
-6;351;-31;
-6;351;-33;
-6;351;-33;
-6;351;-33;
-6;351;-33;
-6;350;-32;
-6;350;-32;
-6;351;-32;
-6;351;-31;
-6;350;-31;
-6;349;-31;
-6;349;-30;
-7;350;-30;
-7;351;-30;
-8;351;-32;
-8;352;-32;
-8;352;-32;
-8;352;-32;
-8;352;-32;
-8;352;-34;
-8;351;-34;
-6;351;-34;
-5;350;-34;
-5;350;-34;
-5;350;-32;
-5;351;-32;
-3;2;-358;
-3;2;-358;
-3;3;-357;
-3;3;-357;
-3;3;-357;
-3;3;-358;
-3;3;-358;
-3;3;-357;
-3;3;-357;
-3;3;-356;
-3;3;-356;
-3;2;-358;
-3;2;-358;
-3;2;-358;
-3;1;-358;
-3;1;-357;
-3;1;-357;
-3;43;-312;
-2;271;-95;
-2;349;-31;
-2;350;-30;
-2;351;-30;
-3;351;-31;
-3;351;-32;
-3;351;-33;
-3;351;-35;
-3;351;-36;
-4;351;-37;
-4;351;-36;
-4;350;-35;
-4;349;-34;
-4;349;-33;
-4;349;-31;
-4;349;-31;
-4;349;-31;
-4;349;-32;
-5;350;-31;
-6;350;-31;
-6;351;-31;
-6;351;-33;
-6;351;-33;
-6;351;-33;
-6;351;-33;
-6;350;-32;
-6;350;-32;
-6;351;-32;
-6;351;-31;
-6;350;-31;
-6;349;-31;
-6;349;-30;
-7;350;-30;
-7;351;-30;
-8;351;-32;
-8;352;-32;
-8;352;-32;
-8;352;-32;
-8;352;-32;
-8;352;-34;
-8;351;-34;
-6;351;-34;
-5;350;-34;
-5;350;-34;
-5;350;-32;
-5;351;-32;
-3;2;-358;
-3;2;-358;
-3;3;-357;
-3;3;-357;
-3;3;-357;
-3;3;-358;
-3;3;-358;
-3;3;-357;
-3;3;-357;
-3;3;-356;
-3;3;-356;
-3;2;-358;
-3;2;-358;
-3;2;-358;
-3;1;-358;
-3;1;-357;
-3;1;-357;
-3;43;-312;
-2;271;-95;
-2;349;-31;
-2;350;-30;
-2;351;-30;
-3;351;-31;
-3;351;-32;
-3;351;-33;
-3;351;-35;
-3;351;-36;
-4;351;-37;
-4;351;-36;
-4;350;-35;
-4;349;-34;
-4;349;-33;
-4;349;-31;
-4;349;-31;
-4;349;-31;
-4;349;-32;
-5;350;-31;
-6;350;-31;
-6;351;-31;
-6;351;-33;
-6;351;-33;
-6;351;-33;
-6;351;-33;
-6;350;-32;
-6;350;-32;
-6;351;-32;
-6;351;-31;
-6;350;-31;
-6;349;-31;
-6;349;-30;
-7;350;-30;
-7;351;-30;
-8;351;-32;
-8;352;-32;
-8;352;-32;
-8;352;-32;
-8;352;-32;
-8;352;-34;
-8;351;-34;
-6;351;-34;
-5;350;-34;
-5;350;-34;
-5;350;-32;
-5;351;-32;
-3;2;-358;
-3;2;-358;
-3;3;-357;
-3;3;-357;
-3;3;-357;
-3;3;-358;
-3;3;-358;
-3;3;-357;
-3;3;-357;
-3;3;-356;
-3;3;-356;
-3;2;-358;
-3;2;-358;
-3;2;-358;
-3;1;-358;
-3;1;-357;
-3;1;-357;
-3;43;-312;
-2;271;-95;
-2;349;-31;
-2;350;-30;
-2;351;-30;
-3;351;-31;
-3;351;-32;
-3;351;-33;
-3;351;-35;
-3;351;-36;
-4;351;-37;
-4;351;-36;
-4;350;-35;
-4;349;-34;
-4;349;-33;
-4;349;-31;
-4;349;-31;
-4;349;-31;
-4;349;-32;
-5;350;-31;
-6;350;-31;
-6;351;-31;
-6;351;-33;
-6;351;-33;
-6;351;-33;
-6;351;-33;
-6;350;-32;
-6;350;-32;
-6;351;-32;
-6;351;-31;
-6;350;-31;
-6;349;-31;
-6;349;-30;
-7;350;-30;
-7;351;-30;
-8;351;-32;
-8;352;-32;
-8;352;-32;
-8;352;-32;
-8;352;-32;
-8;352;-34;
-8;351;-34;
-6;351;-34;
-5;350;-34;
-5;350;-34;
-5;350;-32;
-5;351;-32;
24575;-8191;-1025;
24575;-8191;-1025;
24575;-7679;-1025;
24319;-7679;-769;
24319;-7679;-769;
24319;-7935;-769;
24319;-7935;-769;
24319;-7935;-769;
24319;-8191;-769;
24063;-8191;-769;
24063;-8191;-769;
24319;-7935;-769;
24575;-7679;-1025;
24831;-7679;-1025;
24831;-7679;-513;
24575;-7935;-513;
24319;-7935;-513;
24319;-7679;-769;
24063;-7167;-1537;
23807;-7167;-2049;
23807;-7167;-2049;
23807;-7423;-2049;
23807;-7423;-2049;
24063;-7423;-2049;
24575;-7423;-2305;
24831;-7423;-2561;
25087;-7423;-2561;
25087;-7423;-2305;
25087;-7935;-1793;
24831;-8447;-1793;
24575;-8447;-1793;
24319;-8447;-1793;
24319;-7679;-1793;
24319;-7679;-1793;
24319;-7679;-1793;
24319;-7679;-1537;
24319;-8447;-1025;
24319;-8447;-1025;
24831;-7679;-1537;
25343;-7679;-1537;
25343;-7679;-1537;
25343;-8191;-1281;
25343;-8191;-1281;
25087;-8191;-769;
25087;-8191;-769;
24831;-8703;-769;
24831;-9215;-257;
24575;-9215;-257;
24063;-9215;-1;
24063;-9215;-513;
24063;-9215;-513;
24063;-8703;-513;
24063;-8703;-513;
24063;-8703;-513;
24319;-8959;-513;
24575;-8959;-257;
24831;-8703;-257;
25343;-8447;-257;
25343;-8191;-513;
24831;-8191;1023;
23808;-9215;1023;
23552;-9215;1279;
23552;-9215;2303;
23296;-7423;-28417;
24575;-8191;-1025;
24575;-8191;-1025;
24575;-7679;-1025;
24319;-7679;-769;
24319;-7679;-769;
24319;-7935;-769;
24319;-7935;-769;
24319;-7935;-769;
24319;-8191;-769;
24063;-8191;-769;
24063;-8191;-769;
24319;-7935;-769;
24575;-7679;-1025;
24831;-7679;-1025;
24831;-7679;-513;
24575;-7935;-513;
24319;-7935;-513;
24319;-7679;-769;
24063;-7167;-1537;
23807;-7167;-2049;
23807;-7167;-2049;
23807;-7423;-2049;
23807;-7423;-2049;
24063;-7423;-2049;
24575;-7423;-2305;
24831;-7423;-2561;
25087;-7423;-2561;
25087;-7423;-2305;
25087;-7935;-1793;
24831;-8447;-1793;
24575;-8447;-1793;
24319;-8447;-1793;
24319;-7679;-1793;
24319;-7679;-1793;
24319;-7679;-1793;
24319;-7679;-1537;
24319;-8447;-1025;
24319;-8447;-1025;
24831;-7679;-1537;
25343;-7679;-1537;
25343;-7679;-1537;
25343;-8191;-1281;
25343;-8191;-1281;
25087;-8191;-769;
25087;-8191;-769;
24831;-8703;-769;
24831;-9215;-257;
24575;-9215;-257;
24063;-9215;-1;
24063;-9215;-513;
24063;-9215;-513;
24063;-8703;-513;
24063;-8703;-513;
24063;-8703;-513;
24319;-8959;-513;
24575;-8959;-257;
24831;-8703;-257;
25343;-8447;-257;
25343;-8191;-513;
24831;-8191;1023;
23808;-9215;1023;
23552;-9215;1279;
23552;-9215;2303;
23296;-7423;-28417;
24575;-8191;-1025;
24575;-8191;-1025;
24575;-7679;-1025;
24319;-7679;-769;
24319;-7679;-769;
24319;-7935;-769;
24319;-7935;-769;
24319;-7935;-769;
24319;-8191;-769;
24063;-8191;-769;
24063;-8191;-769;
24319;-7935;-769;
24575;-7679;-1025;
24831;-7679;-1025;
24831;-7679;-513;
24575;-7935;-513;
24319;-7935;-513;
24319;-7679;-769;
24063;-7167;-1537;
23807;-7167;-2049;
23807;-7167;-2049;
23807;-7423;-2049;
23807;-7423;-2049;
24063;-7423;-2049;
24575;-7423;-2305;
24831;-7423;-2561;
25087;-7423;-2561;
25087;-7423;-2305;
25087;-7935;-1793;
24831;-8447;-1793;
24575;-8447;-1793;
24319;-8447;-1793;
24319;-7679;-1793;
24319;-7679;-1793;
24319;-7679;-1793;
24319;-7679;-1537;
24319;-8447;-1025;
24319;-8447;-1025;
24831;-7679;-1537;
25343;-7679;-1537;
25343;-7679;-1537;
25343;-8191;-1281;
25343;-8191;-1281;
25087;-8191;-769;
25087;-8191;-769;
24831;-8703;-769;
24831;-9215;-257;
24575;-9215;-257;
24063;-9215;-1;
24063;-9215;-513;
24063;-9215;-513;
24063;-8703;-513;
24063;-8703;-513;
24063;-8703;-513;
24319;-8959;-513;
24575;-8959;-257;
24831;-8703;-257;
25343;-8447;-257;
25343;-8191;-513;
24831;-8191;1023;
23808;-9215;1023;
23552;-9215;1279;
23552;-9215;2303;
23296;-7423;-28417;
24575;-8191;-1025;
24575;-8191;-1025;
24575;-7679;-1025;
24319;-7679;-769;
24319;-7679;-769;
24319;-7935;-769;
24319;-7935;-769;
24319;-7935;-769;
24319;-8191;-769;
24063;-8191;-769;
24063;-8191;-769;
24319;-7935;-769;
24575;-7679;-1025;
24831;-7679;-1025;
24831;-7679;-513;
24575;-7935;-513;
24319;-7935;-513;
24319;-7679;-769;
24063;-7167;-1537;
23807;-7167;-2049;
23807;-7167;-2049;
23807;-7423;-2049;
23807;-7423;-2049;
24063;-7423;-2049;
24575;-7423;-2305;
24831;-7423;-2561;
25087;-7423;-2561;
25087;-7423;-2305;
25087;-7935;-1793;
24831;-8447;-1793;
24575;-8447;-1793;
24319;-8447;-1793;
24319;-7679;-1793;
24319;-7679;-1793;
24319;-7679;-1793;
24319;-7679;-1537;
24319;-8447;-1025;
24319;-8447;-1025;
24831;-7679;-1537;
25343;-7679;-1537;
25343;-7679;-1537;
25343;-8191;-1281;
25343;-8191;-1281;
25087;-8191;-769;
25087;-8191;-769;
24831;-8703;-769;
24831;-9215;-257;
24575;-9215;-257;
24063;-9215;-1;
24063;-9215;-513;
24063;-9215;-513;
24063;-8703;-513;
24063;-8703;-513;
24063;-8703;-513;
24319;-8959;-513;
24575;-8959;-257;
24831;-8703;-257;
25343;-8447;-257;
25343;-8191;-513;
24831;-8191;1023;
23808;-9215;1023;
23552;-9215;1279;
23552;-9215;2303;
23296;-7423;-28417;
24575;-8191;-1025;
24575;-8191;-1025;
24575;-7679;-1025;
24319;-7679;-769;
24319;-7679;-769;
24319;-7935;-769;
24319;-7935;-769;
24319;-7935;-769;
24319;-8191;-769;
24063;-8191;-769;
24063;-8191;-769;
24319;-7935;-769;
24575;-7679;-1025;
24831;-7679;-1025;
24831;-7679;-513;
24575;-7935;-513;
24319;-7935;-513;
24319;-7679;-769;
24063;-7167;-1537;
23807;-7167;-2049;
23807;-7167;-2049;
23807;-7423;-2049;
23807;-7423;-2049;
24063;-7423;-2049;
24575;-7423;-2305;
24831;-7423;-2561;
25087;-7423;-2561;
25087;-7423;-2305;
25087;-7935;-1793;
24831;-8447;-1793;
24575;-8447;-1793;
24319;-8447;-1793;
24319;-7679;-1793;
24319;-7679;-1793;
24319;-7679;-1793;
24319;-7679;-1537;
24319;-8447;-1025;
24319;-8447;-1025;
24831;-7679;-1537;
25343;-7679;-1537;
25343;-7679;-1537;
25343;-8191;-1281;
25343;-8191;-1281;
25087;-8191;-769;
25087;-8191;-769;
24831;-8703;-769;
24831;-9215;-257;
24575;-9215;-257;
24063;-9215;-1;
24063;-9215;-513;
24063;-9215;-513;
24063;-8703;-513;
24063;-8703;-513;
24063;-8703;-513;
24319;-8959;-513;
24575;-8959;-257;
24831;-8703;-257;
25343;-8447;-257;
25343;-8191;-513;
24831;-8191;1023;
23808;-9215;1023;
23552;-9215;1279;
23552;-9215;2303;
23296;-7423;-28417;
24575;-8191;-1025;
24575;-8191;-1025;
24575;-7679;-1025;
24319;-7679;-769;
24319;-7679;-769;
24319;-7935;-769;
24319;-7935;-769;
24319;-7935;-769;
24319;-8191;-769;
24063;-8191;-769;
24063;-8191;-769;
24319;-7935;-769;
24575;-7679;-1025;
24831;-7679;-1025;
24831;-7679;-513;
24575;-7935;-513;
24319;-7935;-513;
24319;-7679;-769;
24063;-7167;-1537;
23807;-7167;-2049;
23807;-7167;-2049;
23807;-7423;-2049;
23807;-7423;-2049;
24063;-7423;-2049;
24575;-7423;-2305;
24831;-7423;-2561;
25087;-7423;-2561;
25087;-7423;-2305;
25087;-7935;-1793;
24831;-8447;-1793;
24575;-8447;-1793;
24319;-8447;-1793;
24319;-7679;-1793;
24319;-7679;-1793;
24319;-7679;-1793;
24319;-7679;-1537;
24319;-8447;-1025;
24319;-8447;-1025;
24831;-7679;-1537;
25343;-7679;-1537;
25343;-7679;-1537;
25343;-8191;-1281;
25343;-8191;-1281;
25087;-8191;-769;
25087;-8191;-769;
24831;-8703;-769;
24831;-9215;-257;
24575;-9215;-257;
24063;-9215;-1;
24063;-9215;-513;
24063;-9215;-513;
24063;-8703;-513;
24063;-8703;-513;
24063;-8703;-513;
24319;-8959;-513;
24575;-8959;-257;
24831;-8703;-257;
25343;-8447;-257;
25343;-8191;-513;
24831;-8191;1023;
23808;-9215;1023;
23552;-9215;1279;
23552;-9215;2303;
23296;-7423;-28417;
9;347;-21;
41;349;-21;
-66;351;-50;
-66;356;-50;
15;366;-32;
2;366;-28;
0;363;-28;
0;354;-26;
1;348;-26;
1;346;-30;
1;345;-30;
3;345;-29;
3;348;-29;
1;352;-29;
1;355;-31;
1;357;-36;
-4;358;-39;
-4;358;-39;
-8;355;-38;
-13;353;-32;
-17;353;-27;
-17;354;-24;
-17;354;-20;
-17;351;-18;
-14;346;-17;
-14;337;-15;
-14;327;-11;
-15;316;-11;
-15;308;-13;
-12;308;-16;
-12;310;-24;
8;322;-34;
8;335;-46;
15;344;-57;
21;352;-62;
21;358;-68;
21;362;-74;
21;364;-75;
20;364;-75;
19;364;-76;
17;362;-76;
17;358;-79;
17;355;-82;
19;352;-85;
19;350;-85;
19;350;-84;
20;349;-84;
21;347;-87;
21;347;-92;
22;348;-99;
24;351;-99;
29;351;-98;
36;339;-95;
37;338;-95;
38;335;-96;
40;332;-96;
41;331;-84;
42;331;-79;
42;332;-79;
41;332;-86;
40;335;-91;
39;338;-94;
39;340;-98;
43;340;-100;
9;347;-21;
41;349;-21;
-66;351;-50;
-66;356;-50;
15;366;-32;
2;366;-28;
0;363;-28;
0;354;-26;
1;348;-26;
1;346;-30;
1;345;-30;
3;345;-29;
3;348;-29;
1;352;-29;
1;355;-31;
1;357;-36;
-4;358;-39;
-4;358;-39;
-8;355;-38;
-13;353;-32;
-17;353;-27;
-17;354;-24;
-17;354;-20;
-17;351;-18;
-14;346;-17;
-14;337;-15;
-14;327;-11;
-15;316;-11;
-15;308;-13;
-12;308;-16;
-12;310;-24;
8;322;-34;
8;335;-46;
15;344;-57;
21;352;-62;
21;358;-68;
21;362;-74;
21;364;-75;
20;364;-75;
19;364;-76;
17;362;-76;
17;358;-79;
17;355;-82;
19;352;-85;
19;350;-85;
19;350;-84;
20;349;-84;
21;347;-87;
21;347;-92;
22;348;-99;
24;351;-99;
29;351;-98;
36;339;-95;
37;338;-95;
38;335;-96;
40;332;-96;
41;331;-84;
42;331;-79;
42;332;-79;
41;332;-86;
40;335;-91;
39;338;-94;
39;340;-98;
43;340;-100;
9;347;-21;
41;349;-21;
-66;351;-50;
-66;356;-50;
15;366;-32;
2;366;-28;
0;363;-28;
0;354;-26;
1;348;-26;
1;346;-30;
1;345;-30;
3;345;-29;
3;348;-29;
1;352;-29;
1;355;-31;
1;357;-36;
-4;358;-39;
-4;358;-39;
-8;355;-38;
-13;353;-32;
-17;353;-27;
-17;354;-24;
-17;354;-20;
-17;351;-18;
-14;346;-17;
-14;337;-15;
-14;327;-11;
-15;316;-11;
-15;308;-13;
-12;308;-16;
-12;310;-24;
8;322;-34;
8;335;-46;
15;344;-57;
21;352;-62;
21;358;-68;
21;362;-74;
21;364;-75;
20;364;-75;
19;364;-76;
17;362;-76;
17;358;-79;
17;355;-82;
19;352;-85;
19;350;-85;
19;350;-84;
20;349;-84;
21;347;-87;
21;347;-92;
22;348;-99;
24;351;-99;
29;351;-98;
36;339;-95;
37;338;-95;
38;335;-96;
40;332;-96;
41;331;-84;
42;331;-79;
42;332;-79;
41;332;-86;
40;335;-91;
39;338;-94;
39;340;-98;
43;340;-100;
9;347;-21;
41;349;-21;
-66;351;-50;
-66;356;-50;
15;366;-32;
2;366;-28;
0;363;-28;
0;354;-26;
1;348;-26;
1;346;-30;
1;345;-30;
3;345;-29;
3;348;-29;
1;352;-29;
1;355;-31;
1;357;-36;
-4;358;-39;
-4;358;-39;
-8;355;-38;
-13;353;-32;
-17;353;-27;
-17;354;-24;
-17;354;-20;
-17;351;-18;
-14;346;-17;
-14;337;-15;
-14;327;-11;
-15;316;-11;
-15;308;-13;
-12;308;-16;
-12;310;-24;
8;322;-34;
8;335;-46;
15;344;-57;
21;352;-62;
21;358;-68;
21;362;-74;
21;364;-75;
20;364;-75;
19;364;-76;
17;362;-76;
17;358;-79;
17;355;-82;
19;352;-85;
19;350;-85;
19;350;-84;
20;349;-84;
21;347;-87;
21;347;-92;
22;348;-99;
24;351;-99;
29;351;-98;
36;339;-95;
37;338;-95;
38;335;-96;
40;332;-96;
41;331;-84;
42;331;-79;
42;332;-79;
41;332;-86;
40;335;-91;
39;338;-94;
39;340;-98;
43;340;-100;
9;347;-21;
41;349;-21;
-66;351;-50;
-66;356;-50;
15;366;-32;
2;366;-28;
0;363;-28;
0;354;-26;
1;348;-26;
1;346;-30;
1;345;-30;
3;345;-29;
3;348;-29;
1;352;-29;
1;355;-31;
1;357;-36;
-4;358;-39;
-4;358;-39;
-8;355;-38;
-13;353;-32;
-17;353;-27;
-17;354;-24;
-17;354;-20;
-17;351;-18;
-14;346;-17;
-14;337;-15;
-14;327;-11;
-15;316;-11;
-15;308;-13;
-12;308;-16;
-12;310;-24;
8;322;-34;
8;335;-46;
15;344;-57;
21;352;-62;
21;358;-68;
21;362;-74;
21;364;-75;
20;364;-75;
19;364;-76;
17;362;-76;
17;358;-79;
17;355;-82;
19;352;-85;
19;350;-85;
19;350;-84;
20;349;-84;
21;347;-87;
21;347;-92;
22;348;-99;
24;351;-99;
29;351;-98;
36;339;-95;
37;338;-95;
38;335;-96;
40;332;-96;
41;331;-84;
42;331;-79;
42;332;-79;
41;332;-86;
40;335;-91;
39;338;-94;
39;340;-98;
43;340;-100;
9;347;-21;
41;349;-21;
-66;351;-50;
-66;356;-50;
15;366;-32;
2;366;-28;
0;363;-28;
0;354;-26;
1;348;-26;
1;346;-30;
1;345;-30;
3;345;-29;
3;348;-29;
1;352;-29;
1;355;-31;
1;357;-36;
-4;358;-39;
-4;358;-39;
-8;355;-38;
-13;353;-32;
-17;353;-27;
-17;354;-24;
-17;354;-20;
-17;351;-18;
-14;346;-17;
-14;337;-15;
-14;327;-11;
-15;316;-11;
-15;308;-13;
-12;308;-16;
-12;310;-24;
8;322;-34;
8;335;-46;
15;344;-57;
21;352;-62;
21;358;-68;
21;362;-74;
21;364;-75;
20;364;-75;
19;364;-76;
17;362;-76;
17;358;-79;
17;355;-82;
19;352;-85;
19;350;-85;
19;350;-84;
20;349;-84;
21;347;-87;
21;347;-92;
22;348;-99;
24;351;-99;
29;351;-98;
36;339;-95;
37;338;-95;
38;335;-96;
40;332;-96;
41;331;-84;
42;331;-79;
42;332;-79;
41;332;-86;
40;335;-91;
39;338;-94;
39;340;-98;
43;340;-100;
48;338;-102;
53;333;-102;
61;329;-102;
68;327;-100;
75;327;-100;
83;327;-100;
86;327;-97;
86;327;-96;
83;328;-93;
81;328;-89;
80;326;-86;
79;320;-84;
79;319;-82;
78;319;-76;
74;317;-68;
69;317;-61;
61;317;-56;
54;323;-53;
49;329;-53;
45;334;-54;
43;334;-57;
41;330;-60;
41;326;-66;
44;323;-74;
46;319;-85;
47;314;-95;
51;314;-104;
52;321;-109;
52;327;-116;
52;339;-117;
53;350;-117;
55;363;-113;
56;380;-100;
56;388;-86;
51;392;-75;
41;393;-62;
40;400;-62;
39;400;-68;
35;392;-76;
26;385;-76;
17;383;-76;
8;374;-79;
8;363;-89;
12;353;-102;
16;350;-121;
22;347;-141;
29;340;-160;
37;338;-174;
47;335;-176;
48;333;-176;
48;333;-169;
48;340;-155;
54;340;-149;
55;332;-148;
57;331;-145;
58;331;-142;
58;329;-135;
54;319;-131;
48;319;-124;
48;321;-118;
52;321;-118;
57;318;-120;
64;315;-120;
64;315;-121;
48;338;-102;
53;333;-102;
61;329;-102;
68;327;-100;
75;327;-100;
83;327;-100;
86;327;-97;
86;327;-96;
83;328;-93;
81;328;-89;
80;326;-86;
79;320;-84;
79;319;-82;
78;319;-76;
74;317;-68;
69;317;-61;
61;317;-56;
54;323;-53;
49;329;-53;
45;334;-54;
43;334;-57;
41;330;-60;
41;326;-66;
44;323;-74;
46;319;-85;
47;314;-95;
51;314;-104;
52;321;-109;
52;327;-116;
52;339;-117;
53;350;-117;
55;363;-113;
56;380;-100;
56;388;-86;
51;392;-75;
41;393;-62;
40;400;-62;
39;400;-68;
35;392;-76;
26;385;-76;
17;383;-76;
8;374;-79;
8;363;-89;
12;353;-102;
16;350;-121;
22;347;-141;
29;340;-160;
37;338;-174;
47;335;-176;
48;333;-176;
48;333;-169;
48;340;-155;
54;340;-149;
55;332;-148;
57;331;-145;
58;331;-142;
58;329;-135;
54;319;-131;
48;319;-124;
48;321;-118;
52;321;-118;
57;318;-120;
64;315;-120;
64;315;-121;
48;338;-102;
53;333;-102;
61;329;-102;
68;327;-100;
75;327;-100;
83;327;-100;
86;327;-97;
86;327;-96;
83;328;-93;
81;328;-89;
80;326;-86;
79;320;-84;
79;319;-82;
78;319;-76;
74;317;-68;
69;317;-61;
61;317;-56;
54;323;-53;
49;329;-53;
45;334;-54;
43;334;-57;
41;330;-60;
41;326;-66;
44;323;-74;
46;319;-85;
47;314;-95;
51;314;-104;
52;321;-109;
52;327;-116;
52;339;-117;
53;350;-117;
55;363;-113;
56;380;-100;
56;388;-86;
51;392;-75;
41;393;-62;
40;400;-62;
39;400;-68;
35;392;-76;
26;385;-76;
17;383;-76;
8;374;-79;
8;363;-89;
12;353;-102;
16;350;-121;
22;347;-141;
29;340;-160;
37;338;-174;
47;335;-176;
48;333;-176;
48;333;-169;
48;340;-155;
54;340;-149;
55;332;-148;
57;331;-145;
58;331;-142;
58;329;-135;
54;319;-131;
48;319;-124;
48;321;-118;
52;321;-118;
57;318;-120;
64;315;-120;
64;315;-121;
48;338;-102;
53;333;-102;
61;329;-102;
68;327;-100;
75;327;-100;
83;327;-100;
86;327;-97;
86;327;-96;
83;328;-93;
81;328;-89;
80;326;-86;
79;320;-84;
79;319;-82;
78;319;-76;
74;317;-68;
69;317;-61;
61;317;-56;
54;323;-53;
49;329;-53;
45;334;-54;
43;334;-57;
41;330;-60;
41;326;-66;
44;323;-74;
46;319;-85;
47;314;-95;
51;314;-104;
52;321;-109;
52;327;-116;
52;339;-117;
53;350;-117;
55;363;-113;
56;380;-100;
56;388;-86;
51;392;-75;
41;393;-62;
40;400;-62;
39;400;-68;
35;392;-76;
26;385;-76;
17;383;-76;
8;374;-79;
8;363;-89;
12;353;-102;
16;350;-121;
22;347;-141;
29;340;-160;
37;338;-174;
47;335;-176;
48;333;-176;
48;333;-169;
48;340;-155;
54;340;-149;
55;332;-148;
57;331;-145;
58;331;-142;
58;329;-135;
54;319;-131;
48;319;-124;
48;321;-118;
52;321;-118;
57;318;-120;
64;315;-120;
64;315;-121;
48;338;-102;
53;333;-102;
61;329;-102;
68;327;-100;
75;327;-100;
83;327;-100;
86;327;-97;
86;327;-96;
83;328;-93;
81;328;-89;
80;326;-86;
79;320;-84;
79;319;-82;
78;319;-76;
74;317;-68;
69;317;-61;
61;317;-56;
54;323;-53;
49;329;-53;
45;334;-54;
43;334;-57;
41;330;-60;
41;326;-66;
44;323;-74;
46;319;-85;
47;314;-95;
51;314;-104;
52;321;-109;
52;327;-116;
52;339;-117;
53;350;-117;
55;363;-113;
56;380;-100;
56;388;-86;
51;392;-75;
41;393;-62;
40;400;-62;
39;400;-68;
35;392;-76;
26;385;-76;
17;383;-76;
8;374;-79;
8;363;-89;
12;353;-102;
16;350;-121;
22;347;-141;
29;340;-160;
37;338;-174;
47;335;-176;
48;333;-176;
48;333;-169;
48;340;-155;
54;340;-149;
55;332;-148;
57;331;-145;
58;331;-142;
58;329;-135;
54;319;-131;
48;319;-124;
48;321;-118;
52;321;-118;
57;318;-120;
64;315;-120;
64;315;-121;
48;338;-102;
53;333;-102;
61;329;-102;
68;327;-100;
75;327;-100;
83;327;-100;
86;327;-97;
86;327;-96;
83;328;-93;
81;328;-89;
80;326;-86;
79;320;-84;
79;319;-82;
78;319;-76;
74;317;-68;
69;317;-61;
61;317;-56;
54;323;-53;
49;329;-53;
45;334;-54;
43;334;-57;
41;330;-60;
41;326;-66;
44;323;-74;
46;319;-85;
47;314;-95;
51;314;-104;
52;321;-109;
52;327;-116;
52;339;-117;
53;350;-117;
55;363;-113;
56;380;-100;
56;388;-86;
51;392;-75;
41;393;-62;
40;400;-62;
39;400;-68;
35;392;-76;
26;385;-76;
17;383;-76;
8;374;-79;
8;363;-89;
12;353;-102;
16;350;-121;
22;347;-141;
29;340;-160;
37;338;-174;
47;335;-176;
48;333;-176;
48;333;-169;
48;340;-155;
54;340;-149;
55;332;-148;
57;331;-145;
58;331;-142;
58;329;-135;
54;319;-131;
48;319;-124;
48;321;-118;
52;321;-118;
57;318;-120;
64;315;-120;
64;315;-121;
64;315;-120;
66;318;-121;
69;318;-124;
75;317;-126;
77;314;-127;
78;311;-135;
78;307;-135;
79;302;-139;
78;292;-139;
77;286;-138;
77;282;-131;
75;275;-127;
64;275;-126;
64;275;-122;
80;269;-122;
80;261;-118;
80;257;-115;
80;252;-113;
80;245;-109;
73;245;-106;
73;254;-105;
75;254;-105;
80;247;-108;
80;239;-111;
82;238;-115;
83;238;-122;
87;237;-125;
89;234;-127;
89;228;-128;
85;228;-130;
81;228;-132;
74;234;-133;
69;234;-134;
65;232;-134;
58;232;-130;
53;233;-125;
52;243;-111;
44;252;-98;
39;259;-96;
36;259;-91;
34;256;-91;
34;253;-94;
34;253;-94;
33;259;-90;
31;266;-86;
28;269;-86;
28;271;-91;
34;278;-109;
34;278;-119;
24;278;-119;
15;281;-116;
6;283;-109;
6;284;-107;
-19;284;-97;
-19;281;-87;
-22;273;-81;
-26;267;-73;
-31;266;-73;
-26;264;-75;
-42;264;-82;
16;267;-95;
16;269;-103;
24;275;-107;
32;282;-109;
64;315;-120;
66;318;-121;
69;318;-124;
75;317;-126;
77;314;-127;
78;311;-135;
78;307;-135;
79;302;-139;
78;292;-139;
77;286;-138;
77;282;-131;
75;275;-127;
64;275;-126;
64;275;-122;
80;269;-122;
80;261;-118;
80;257;-115;
80;252;-113;
80;245;-109;
73;245;-106;
73;254;-105;
75;254;-105;
80;247;-108;
80;239;-111;
82;238;-115;
83;238;-122;
87;237;-125;
89;234;-127;
89;228;-128;
85;228;-130;
81;228;-132;
74;234;-133;
69;234;-134;
65;232;-134;
58;232;-130;
53;233;-125;
52;243;-111;
44;252;-98;
39;259;-96;
36;259;-91;
34;256;-91;
34;253;-94;
34;253;-94;
33;259;-90;
31;266;-86;
28;269;-86;
28;271;-91;
34;278;-109;
34;278;-119;
24;278;-119;
15;281;-116;
6;283;-109;
6;284;-107;
-19;284;-97;
-19;281;-87;
-22;273;-81;
-26;267;-73;
-31;266;-73;
-26;264;-75;
-42;264;-82;
16;267;-95;
16;269;-103;
24;275;-107;
32;282;-109;
64;315;-120;
66;318;-121;
69;318;-124;
75;317;-126;
77;314;-127;
78;311;-135;
78;307;-135;
79;302;-139;
78;292;-139;
77;286;-138;
77;282;-131;
75;275;-127;
64;275;-126;
64;275;-122;
80;269;-122;
80;261;-118;
80;257;-115;
80;252;-113;
80;245;-109;
73;245;-106;
73;254;-105;
75;254;-105;
80;247;-108;
80;239;-111;
82;238;-115;
83;238;-122;
87;237;-125;
89;234;-127;
89;228;-128;
85;228;-130;
81;228;-132;
74;234;-133;
69;234;-134;
65;232;-134;
58;232;-130;
53;233;-125;
52;243;-111;
44;252;-98;
39;259;-96;
36;259;-91;
34;256;-91;
34;253;-94;
34;253;-94;
33;259;-90;
31;266;-86;
28;269;-86;
28;271;-91;
34;278;-109;
34;278;-119;
24;278;-119;
15;281;-116;
6;283;-109;
6;284;-107;
-19;284;-97;
-19;281;-87;
-22;273;-81;
-26;267;-73;
-31;266;-73;
-26;264;-75;
-42;264;-82;
16;267;-95;
16;269;-103;
24;275;-107;
32;282;-109;
64;315;-120;
66;318;-121;
69;318;-124;
75;317;-126;
77;314;-127;
78;311;-135;
78;307;-135;
79;302;-139;
78;292;-139;
77;286;-138;
77;282;-131;
75;275;-127;
64;275;-126;
64;275;-122;
80;269;-122;
80;261;-118;
80;257;-115;
80;252;-113;
80;245;-109;
73;245;-106;
73;254;-105;
75;254;-105;
80;247;-108;
80;239;-111;
82;238;-115;
83;238;-122;
87;237;-125;
89;234;-127;
89;228;-128;
85;228;-130;
81;228;-132;
74;234;-133;
69;234;-134;
65;232;-134;
58;232;-130;
53;233;-125;
52;243;-111;
44;252;-98;
39;259;-96;
36;259;-91;
34;256;-91;
34;253;-94;
34;253;-94;
33;259;-90;
31;266;-86;
28;269;-86;
28;271;-91;
34;278;-109;
34;278;-119;
24;278;-119;
15;281;-116;
6;283;-109;
6;284;-107;
-19;284;-97;
-19;281;-87;
-22;273;-81;
-26;267;-73;
-31;266;-73;
-26;264;-75;
-42;264;-82;
16;267;-95;
16;269;-103;
24;275;-107;
32;282;-109;
64;315;-120;
66;318;-121;
69;318;-124;
75;317;-126;
77;314;-127;
78;311;-135;
78;307;-135;
79;302;-139;
78;292;-139;
77;286;-138;
77;282;-131;
75;275;-127;
64;275;-126;
64;275;-122;
80;269;-122;
80;261;-118;
80;257;-115;
80;252;-113;
80;245;-109;
73;245;-106;
73;254;-105;
75;254;-105;
80;247;-108;
80;239;-111;
82;238;-115;
83;238;-122;
87;237;-125;
89;234;-127;
89;228;-128;
85;228;-130;
81;228;-132;
74;234;-133;
69;234;-134;
65;232;-134;
58;232;-130;
53;233;-125;
52;243;-111;
44;252;-98;
39;259;-96;
36;259;-91;
34;256;-91;
34;253;-94;
34;253;-94;
33;259;-90;
31;266;-86;
28;269;-86;
28;271;-91;
34;278;-109;
34;278;-119;
24;278;-119;
15;281;-116;
6;283;-109;
6;284;-107;
-19;284;-97;
-19;281;-87;
-22;273;-81;
-26;267;-73;
-31;266;-73;
-26;264;-75;
-42;264;-82;
16;267;-95;
16;269;-103;
24;275;-107;
32;282;-109;
64;315;-120;
66;318;-121;
69;318;-124;
75;317;-126;
77;314;-127;
78;311;-135;
78;307;-135;
79;302;-139;
78;292;-139;
77;286;-138;
77;282;-131;
75;275;-127;
64;275;-126;
64;275;-122;
80;269;-122;
80;261;-118;
80;257;-115;
80;252;-113;
80;245;-109;
73;245;-106;
73;254;-105;
75;254;-105;
80;247;-108;
80;239;-111;
82;238;-115;
83;238;-122;
87;237;-125;
89;234;-127;
89;228;-128;
85;228;-130;
81;228;-132;
74;234;-133;
69;234;-134;
65;232;-134;
58;232;-130;
53;233;-125;
52;243;-111;
44;252;-98;
39;259;-96;
36;259;-91;
34;256;-91;
34;253;-94;
34;253;-94;
33;259;-90;
31;266;-86;
28;269;-86;
28;271;-91;
34;278;-109;
34;278;-119;
24;278;-119;
15;281;-116;
6;283;-109;
6;284;-107;
-19;284;-97;
-19;281;-87;
-22;273;-81;
-26;267;-73;
-31;266;-73;
-26;264;-75;
-42;264;-82;
16;267;-95;
16;269;-103;
24;275;-107;
32;282;-109;
38;287;-113;
39;289;-114;
40;294;-117;
45;303;-123;
46;306;-128;
50;313;-132;
51;323;-132;
51;323;-129;
22;318;-124;
22;318;-114;
-10;334;-98;
-10;334;-94;
-12;327;-94;
-15;327;-115;
3;339;-115;
3;342;-95;
-61;357;-73;
-53;363;-71;
-57;390;-69;
-57;407;-68;
-61;430;-68;
-61;453;-76;
-47;486;-106;
-17;539;-119;
-17;592;-119;
64;630;-105;
54;630;-97;
54;588;-84;
29;510;-84;
21;430;-86;
17;371;-91;
17;350;-102;
41;342;-120;
81;342;-147;
98;348;-147;
105;388;-131;
105;441;-93;
105;485;-86;
118;507;-86;
141;521;-112;
141;521;-138;
138;510;-151;
112;489;-151;
93;467;-147;
85;447;-137;
85;433;-125;
85;425;-113;
91;424;-104;
91;414;-96;
87;398;-91;
86;394;-85;
83;388;-84;
81;379;-84;
74;372;-84;
58;348;-84;
50;339;-87;
42;328;-94;
38;316;-98;
38;313;-106;
38;312;-108;
38;306;-108;
39;305;-110;
48;300;-114;
53;299;-114;
38;287;-113;
39;289;-114;
40;294;-117;
45;303;-123;
46;306;-128;
50;313;-132;
51;323;-132;
51;323;-129;
22;318;-124;
22;318;-114;
-10;334;-98;
-10;334;-94;
-12;327;-94;
-15;327;-115;
3;339;-115;
3;342;-95;
-61;357;-73;
-53;363;-71;
-57;390;-69;
-57;407;-68;
-61;430;-68;
-61;453;-76;
-47;486;-106;
-17;539;-119;
-17;592;-119;
64;630;-105;
54;630;-97;
54;588;-84;
29;510;-84;
21;430;-86;
17;371;-91;
17;350;-102;
41;342;-120;
81;342;-147;
98;348;-147;
105;388;-131;
105;441;-93;
105;485;-86;
118;507;-86;
141;521;-112;
141;521;-138;
138;510;-151;
112;489;-151;
93;467;-147;
85;447;-137;
85;433;-125;
85;425;-113;
91;424;-104;
91;414;-96;
87;398;-91;
86;394;-85;
83;388;-84;
81;379;-84;
74;372;-84;
58;348;-84;
50;339;-87;
42;328;-94;
38;316;-98;
38;313;-106;
38;312;-108;
38;306;-108;
39;305;-110;
48;300;-114;
53;299;-114;
38;287;-113;
39;289;-114;
40;294;-117;
45;303;-123;
46;306;-128;
50;313;-132;
51;323;-132;
51;323;-129;
22;318;-124;
22;318;-114;
-10;334;-98;
-10;334;-94;
-12;327;-94;
-15;327;-115;
3;339;-115;
3;342;-95;
-61;357;-73;
-53;363;-71;
-57;390;-69;
-57;407;-68;
-61;430;-68;
-61;453;-76;
-47;486;-106;
-17;539;-119;
-17;592;-119;
64;630;-105;
54;630;-97;
54;588;-84;
29;510;-84;
21;430;-86;
17;371;-91;
17;350;-102;
41;342;-120;
81;342;-147;
98;348;-147;
105;388;-131;
105;441;-93;
105;485;-86;
118;507;-86;
141;521;-112;
141;521;-138;
138;510;-151;
112;489;-151;
93;467;-147;
85;447;-137;
85;433;-125;
85;425;-113;
91;424;-104;
91;414;-96;
87;398;-91;
86;394;-85;
83;388;-84;
81;379;-84;
74;372;-84;
58;348;-84;
50;339;-87;
42;328;-94;
38;316;-98;
38;313;-106;
38;312;-108;
38;306;-108;
39;305;-110;
48;300;-114;
53;299;-114;
38;287;-113;
39;289;-114;
40;294;-117;
45;303;-123;
46;306;-128;
50;313;-132;
51;323;-132;
51;323;-129;
22;318;-124;
22;318;-114;
-10;334;-98;
-10;334;-94;
-12;327;-94;
-15;327;-115;
3;339;-115;
3;342;-95;
-61;357;-73;
-53;363;-71;
-57;390;-69;
-57;407;-68;
-61;430;-68;
-61;453;-76;
-47;486;-106;
-17;539;-119;
-17;592;-119;
64;630;-105;
54;630;-97;
54;588;-84;
29;510;-84;
21;430;-86;
17;371;-91;
17;350;-102;
41;342;-120;
81;342;-147;
98;348;-147;
105;388;-131;
105;441;-93;
105;485;-86;
118;507;-86;
141;521;-112;
141;521;-138;
138;510;-151;
112;489;-151;
93;467;-147;
85;447;-137;
85;433;-125;
85;425;-113;
91;424;-104;
91;414;-96;
87;398;-91;
86;394;-85;
83;388;-84;
81;379;-84;
74;372;-84;
58;348;-84;
50;339;-87;
42;328;-94;
38;316;-98;
38;313;-106;
38;312;-108;
38;306;-108;
39;305;-110;
48;300;-114;
53;299;-114;
38;287;-113;
39;289;-114;
40;294;-117;
45;303;-123;
46;306;-128;
50;313;-132;
51;323;-132;
51;323;-129;
22;318;-124;
22;318;-114;
-10;334;-98;
-10;334;-94;
-12;327;-94;
-15;327;-115;
3;339;-115;
3;342;-95;
-61;357;-73;
-53;363;-71;
-57;390;-69;
-57;407;-68;
-61;430;-68;
-61;453;-76;
-47;486;-106;
-17;539;-119;
-17;592;-119;
64;630;-105;
54;630;-97;
54;588;-84;
29;510;-84;
21;430;-86;
17;371;-91;
17;350;-102;
41;342;-120;
81;342;-147;
98;348;-147;
105;388;-131;
105;441;-93;
105;485;-86;
118;507;-86;
141;521;-112;
141;521;-138;
138;510;-151;
112;489;-151;
93;467;-147;
85;447;-137;
85;433;-125;
85;425;-113;
91;424;-104;
91;414;-96;
87;398;-91;
86;394;-85;
83;388;-84;
81;379;-84;
74;372;-84;
58;348;-84;
50;339;-87;
42;328;-94;
38;316;-98;
38;313;-106;
38;312;-108;
38;306;-108;
39;305;-110;
48;300;-114;
53;299;-114;
38;287;-113;
39;289;-114;
40;294;-117;
45;303;-123;
46;306;-128;
50;313;-132;
51;323;-132;
51;323;-129;
22;318;-124;
22;318;-114;
-10;334;-98;
-10;334;-94;
-12;327;-94;
-15;327;-115;
3;339;-115;
3;342;-95;
-61;357;-73;
-53;363;-71;
-57;390;-69;
-57;407;-68;
-61;430;-68;
-61;453;-76;
-47;486;-106;
-17;539;-119;
-17;592;-119;
64;630;-105;
54;630;-97;
54;588;-84;
29;510;-84;
21;430;-86;
17;371;-91;
17;350;-102;
41;342;-120;
81;342;-147;
98;348;-147;
105;388;-131;
105;441;-93;
105;485;-86;
118;507;-86;
141;521;-112;
141;521;-138;
138;510;-151;
112;489;-151;
93;467;-147;
85;447;-137;
85;433;-125;
85;425;-113;
91;424;-104;
91;414;-96;
87;398;-91;
86;394;-85;
83;388;-84;
81;379;-84;
74;372;-84;
58;348;-84;
50;339;-87;
42;328;-94;
38;316;-98;
38;313;-106;
38;312;-108;
38;306;-108;
39;305;-110;
48;300;-114;
53;299;-114;
59;297;-114;
63;294;-113;
63;293;-103;
58;292;-98;
55;278;-97;
36;275;-94;
35;258;-90;
32;249;-89;
32;248;-89;
39;248;-87;
45;243;-88;
54;248;-88;
64;248;-90;
80;250;-90;
80;255;-90;
78;255;-79;
73;258;-70;
61;258;-63;
48;250;-60;
40;236;-60;
37;216;-61;
36;216;-61;
30;214;-55;
28;214;-50;
28;214;-44;
28;215;-44;
32;218;-44;
34;224;-44;
34;236;-44;
31;250;-33;
31;259;-33;
29;259;-33;
20;273;-24;
20;273;-24;
21;272;-32;
21;272;-33;
21;278;-39;
19;279;-39;
11;281;-33;
4;281;-33;
3;281;-48;
3;282;-57;
4;290;-57;
6;303;-40;
6;317;-19;
6;328;-11;
-17;338;-11;
-17;349;-15;
-24;363;-21;
-27;383;-29;
-27;408;-43;
-27;444;-61;
-27;485;-88;
18;521;-114;
18;551;-140;
31;579;-160;
31;587;-160;
31;587;-156;
-52;559;-156;
-52;515;-159;
-68;475;-160;
-96;451;-161;
-109;433;-161;
-111;415;-161;
59;297;-114;
63;294;-113;
63;293;-103;
58;292;-98;
55;278;-97;
36;275;-94;
35;258;-90;
32;249;-89;
32;248;-89;
39;248;-87;
45;243;-88;
54;248;-88;
64;248;-90;
80;250;-90;
80;255;-90;
78;255;-79;
73;258;-70;
61;258;-63;
48;250;-60;
40;236;-60;
37;216;-61;
36;216;-61;
30;214;-55;
28;214;-50;
28;214;-44;
28;215;-44;
32;218;-44;
34;224;-44;
34;236;-44;
31;250;-33;
31;259;-33;
29;259;-33;
20;273;-24;
20;273;-24;
21;272;-32;
21;272;-33;
21;278;-39;
19;279;-39;
11;281;-33;
4;281;-33;
3;281;-48;
3;282;-57;
4;290;-57;
6;303;-40;
6;317;-19;
6;328;-11;
-17;338;-11;
-17;349;-15;
-24;363;-21;
-27;383;-29;
-27;408;-43;
-27;444;-61;
-27;485;-88;
18;521;-114;
18;551;-140;
31;579;-160;
31;587;-160;
31;587;-156;
-52;559;-156;
-52;515;-159;
-68;475;-160;
-96;451;-161;
-109;433;-161;
-111;415;-161;
59;297;-114;
63;294;-113;
63;293;-103;
58;292;-98;
55;278;-97;
36;275;-94;
35;258;-90;
32;249;-89;
32;248;-89;
39;248;-87;
45;243;-88;
54;248;-88;
64;248;-90;
80;250;-90;
80;255;-90;
78;255;-79;
73;258;-70;
61;258;-63;
48;250;-60;
40;236;-60;
37;216;-61;
36;216;-61;
30;214;-55;
28;214;-50;
28;214;-44;
28;215;-44;
32;218;-44;
34;224;-44;
34;236;-44;
31;250;-33;
31;259;-33;
29;259;-33;
20;273;-24;
20;273;-24;
21;272;-32;
21;272;-33;
21;278;-39;
19;279;-39;
11;281;-33;
4;281;-33;
3;281;-48;
3;282;-57;
4;290;-57;
6;303;-40;
6;317;-19;
6;328;-11;
-17;338;-11;
-17;349;-15;
-24;363;-21;
-27;383;-29;
-27;408;-43;
-27;444;-61;
-27;485;-88;
18;521;-114;
18;551;-140;
31;579;-160;
31;587;-160;
31;587;-156;
-52;559;-156;
-52;515;-159;
-68;475;-160;
-96;451;-161;
-109;433;-161;
-111;415;-161;
59;297;-114;
63;294;-113;
63;293;-103;
58;292;-98;
55;278;-97;
36;275;-94;
35;258;-90;
32;249;-89;
32;248;-89;
39;248;-87;
45;243;-88;
54;248;-88;
64;248;-90;
80;250;-90;
80;255;-90;
78;255;-79;
73;258;-70;
61;258;-63;
48;250;-60;
40;236;-60;
37;216;-61;
36;216;-61;
30;214;-55;
28;214;-50;
28;214;-44;
28;215;-44;
32;218;-44;
34;224;-44;
34;236;-44;
31;250;-33;
31;259;-33;
29;259;-33;
20;273;-24;
20;273;-24;
21;272;-32;
21;272;-33;
21;278;-39;
19;279;-39;
11;281;-33;
4;281;-33;
3;281;-48;
3;282;-57;
4;290;-57;
6;303;-40;
6;317;-19;
6;328;-11;
-17;338;-11;
-17;349;-15;
-24;363;-21;
-27;383;-29;
-27;408;-43;
-27;444;-61;
-27;485;-88;
18;521;-114;
18;551;-140;
31;579;-160;
31;587;-160;
31;587;-156;
-52;559;-156;
-52;515;-159;
-68;475;-160;
-96;451;-161;
-109;433;-161;
-111;415;-161;
59;297;-114;
63;294;-113;
63;293;-103;
58;292;-98;
55;278;-97;
36;275;-94;
35;258;-90;
32;249;-89;
32;248;-89;
39;248;-87;
45;243;-88;
54;248;-88;
64;248;-90;
80;250;-90;
80;255;-90;
78;255;-79;
73;258;-70;
61;258;-63;
48;250;-60;
40;236;-60;
37;216;-61;
36;216;-61;
30;214;-55;
28;214;-50;
28;214;-44;
28;215;-44;
32;218;-44;
34;224;-44;
34;236;-44;
31;250;-33;
31;259;-33;
29;259;-33;
20;273;-24;
20;273;-24;
21;272;-32;
21;272;-33;
21;278;-39;
19;279;-39;
11;281;-33;
4;281;-33;
3;281;-48;
3;282;-57;
4;290;-57;
6;303;-40;
6;317;-19;
6;328;-11;
-17;338;-11;
-17;349;-15;
-24;363;-21;
-27;383;-29;
-27;408;-43;
-27;444;-61;
-27;485;-88;
18;521;-114;
18;551;-140;
31;579;-160;
31;587;-160;
31;587;-156;
-52;559;-156;
-52;515;-159;
-68;475;-160;
-96;451;-161;
-109;433;-161;
-111;415;-161;
59;297;-114;
63;294;-113;
63;293;-103;
58;292;-98;
55;278;-97;
36;275;-94;
35;258;-90;
32;249;-89;
32;248;-89;
39;248;-87;
45;243;-88;
54;248;-88;
64;248;-90;
80;250;-90;
80;255;-90;
78;255;-79;
73;258;-70;
61;258;-63;
48;250;-60;
40;236;-60;
37;216;-61;
36;216;-61;
30;214;-55;
28;214;-50;
28;214;-44;
28;215;-44;
32;218;-44;
34;224;-44;
34;236;-44;
31;250;-33;
31;259;-33;
29;259;-33;
20;273;-24;
20;273;-24;
21;272;-32;
21;272;-33;
21;278;-39;
19;279;-39;
11;281;-33;
4;281;-33;
3;281;-48;
3;282;-57;
4;290;-57;
6;303;-40;
6;317;-19;
6;328;-11;
-17;338;-11;
-17;349;-15;
-24;363;-21;
-27;383;-29;
-27;408;-43;
-27;444;-61;
-27;485;-88;
18;521;-114;
18;551;-140;
31;579;-160;
31;587;-160;
31;587;-156;
-52;559;-156;
-52;515;-159;
-68;475;-160;
-96;451;-161;
-109;433;-161;
-111;415;-161;
-111;386;-163;
-54;379;-165;
-44;379;-166;
-36;393;-173;
-36;410;-184;
57;438;-200;
57;468;-215;
81;498;-227;
108;527;-237;
122;531;-244;
122;531;-244;
107;498;-237;
87;459;-228;
68;421;-216;
49;388;-201;
27;360;-187;
27;336;-173;
-24;316;-160;
-24;304;-149;
-24;298;-139;
-24;293;-133;
-24;287;-129;
19;280;-127;
19;270;-126;
33;260;-125;
47;249;-124;
61;237;-123;
73;229;-120;
74;227;-114;
74;223;-114;
70;218;-118;
65;218;-124;
60;220;-129;
52;220;-134;
41;220;-137;
27;213;-137;
27;203;-134;
-18;191;-134;
-18;179;-133;
-32;169;-133;
-43;164;-132;
-43;164;-133;
-43;167;-133;
-35;178;-133;
-24;199;-122;
-24;218;-122;
23;234;-115;
23;256;-100;
29;269;-100;
41;274;-104;
48;281;-105;
48;289;-105;
46;293;-105;
38;300;-93;
27;301;-88;
19;301;-83;
19;279;-74;
-13;253;-64;
-13;251;-59;
-18;251;-56;
-20;259;-56;
-20;265;-62;
-16;268;-73;
-10;272;-85;
-111;386;-163;
-54;379;-165;
-44;379;-166;
-36;393;-173;
-36;410;-184;
57;438;-200;
57;468;-215;
81;498;-227;
108;527;-237;
122;531;-244;
122;531;-244;
107;498;-237;
87;459;-228;
68;421;-216;
49;388;-201;
27;360;-187;
27;336;-173;
-24;316;-160;
-24;304;-149;
-24;298;-139;
-24;293;-133;
-24;287;-129;
19;280;-127;
19;270;-126;
33;260;-125;
47;249;-124;
61;237;-123;
73;229;-120;
74;227;-114;
74;223;-114;
70;218;-118;
65;218;-124;
60;220;-129;
52;220;-134;
41;220;-137;
27;213;-137;
27;203;-134;
-18;191;-134;
-18;179;-133;
-32;169;-133;
-43;164;-132;
-43;164;-133;
-43;167;-133;
-35;178;-133;
-24;199;-122;
-24;218;-122;
23;234;-115;
23;256;-100;
29;269;-100;
41;274;-104;
48;281;-105;
48;289;-105;
46;293;-105;
38;300;-93;
27;301;-88;
19;301;-83;
19;279;-74;
-13;253;-64;
-13;251;-59;
-18;251;-56;
-20;259;-56;
-20;265;-62;
-16;268;-73;
-10;272;-85;
-111;386;-163;
-54;379;-165;
-44;379;-166;
-36;393;-173;
-36;410;-184;
57;438;-200;
57;468;-215;
81;498;-227;
108;527;-237;
122;531;-244;
122;531;-244;
107;498;-237;
87;459;-228;
68;421;-216;
49;388;-201;
27;360;-187;
27;336;-173;
-24;316;-160;
-24;304;-149;
-24;298;-139;
-24;293;-133;
-24;287;-129;
19;280;-127;
19;270;-126;
33;260;-125;
47;249;-124;
61;237;-123;
73;229;-120;
74;227;-114;
74;223;-114;
70;218;-118;
65;218;-124;
60;220;-129;
52;220;-134;
41;220;-137;
27;213;-137;
27;203;-134;
-18;191;-134;
-18;179;-133;
-32;169;-133;
-43;164;-132;
-43;164;-133;
-43;167;-133;
-35;178;-133;
-24;199;-122;
-24;218;-122;
23;234;-115;
23;256;-100;
29;269;-100;
41;274;-104;
48;281;-105;
48;289;-105;
46;293;-105;
38;300;-93;
27;301;-88;
19;301;-83;
19;279;-74;
-13;253;-64;
-13;251;-59;
-18;251;-56;
-20;259;-56;
-20;265;-62;
-16;268;-73;
-10;272;-85;
-111;386;-163;
-54;379;-165;
-44;379;-166;
-36;393;-173;
-36;410;-184;
57;438;-200;
57;468;-215;
81;498;-227;
108;527;-237;
122;531;-244;
122;531;-244;
107;498;-237;
87;459;-228;
68;421;-216;
49;388;-201;
27;360;-187;
27;336;-173;
-24;316;-160;
-24;304;-149;
-24;298;-139;
-24;293;-133;
-24;287;-129;
19;280;-127;
19;270;-126;
33;260;-125;
47;249;-124;
61;237;-123;
73;229;-120;
74;227;-114;
74;223;-114;
70;218;-118;
65;218;-124;
60;220;-129;
52;220;-134;
41;220;-137;
27;213;-137;
27;203;-134;
-18;191;-134;
-18;179;-133;
-32;169;-133;
-43;164;-132;
-43;164;-133;
-43;167;-133;
-35;178;-133;
-24;199;-122;
-24;218;-122;
23;234;-115;
23;256;-100;
29;269;-100;
41;274;-104;
48;281;-105;
48;289;-105;
46;293;-105;
38;300;-93;
27;301;-88;
19;301;-83;
19;279;-74;
-13;253;-64;
-13;251;-59;
-18;251;-56;
-20;259;-56;
-20;265;-62;
-16;268;-73;
-10;272;-85;
-111;386;-163;
-54;379;-165;
-44;379;-166;
-36;393;-173;
-36;410;-184;
57;438;-200;
57;468;-215;
81;498;-227;
108;527;-237;
122;531;-244;
122;531;-244;
107;498;-237;
87;459;-228;
68;421;-216;
49;388;-201;
27;360;-187;
27;336;-173;
-24;316;-160;
-24;304;-149;
-24;298;-139;
-24;293;-133;
-24;287;-129;
19;280;-127;
19;270;-126;
33;260;-125;
47;249;-124;
61;237;-123;
73;229;-120;
74;227;-114;
74;223;-114;
70;218;-118;
65;218;-124;
60;220;-129;
52;220;-134;
41;220;-137;
27;213;-137;
27;203;-134;
-18;191;-134;
-18;179;-133;
-32;169;-133;
-43;164;-132;
-43;164;-133;
-43;167;-133;
-35;178;-133;
-24;199;-122;
-24;218;-122;
23;234;-115;
23;256;-100;
29;269;-100;
41;274;-104;
48;281;-105;
48;289;-105;
46;293;-105;
38;300;-93;
27;301;-88;
19;301;-83;
19;279;-74;
-13;253;-64;
-13;251;-59;
-18;251;-56;
-20;259;-56;
-20;265;-62;
-16;268;-73;
-10;272;-85;
-111;386;-163;
-54;379;-165;
-44;379;-166;
-36;393;-173;
-36;410;-184;
57;438;-200;
57;468;-215;
81;498;-227;
108;527;-237;
122;531;-244;
122;531;-244;
107;498;-237;
87;459;-228;
68;421;-216;
49;388;-201;
27;360;-187;
27;336;-173;
-24;316;-160;
-24;304;-149;
-24;298;-139;
-24;293;-133;
-24;287;-129;
19;280;-127;
19;270;-126;
33;260;-125;
47;249;-124;
61;237;-123;
73;229;-120;
74;227;-114;
74;223;-114;
70;218;-118;
65;218;-124;
60;220;-129;
52;220;-134;
41;220;-137;
27;213;-137;
27;203;-134;
-18;191;-134;
-18;179;-133;
-32;169;-133;
-43;164;-132;
-43;164;-133;
-43;167;-133;
-35;178;-133;
-24;199;-122;
-24;218;-122;
23;234;-115;
23;256;-100;
29;269;-100;
41;274;-104;
48;281;-105;
48;289;-105;
46;293;-105;
38;300;-93;
27;301;-88;
19;301;-83;
19;279;-74;
-13;253;-64;
-13;251;-59;
-18;251;-56;
-20;259;-56;
-20;265;-62;
-16;268;-73;
-10;272;-85;
-10;273;-102;
4;273;-121;
4;269;-134;
-4;249;-148;
-4;249;-148;
-7;270;-137;
-7;272;-137;
-11;274;-140;
-22;283;-140;
-37;302;-131;
-51;320;-131;
-51;339;-142;
-53;357;-142;
-53;380;-131;
-53;389;-114;
-57;412;-85;
-73;421;-62;
-102;433;-62;
-106;434;-77;
-106;438;-77;
-99;439;-70;
-87;443;-67;
-82;467;-62;
-79;521;-45;
-58;584;-44;
-58;634;-38;
87;636;-32;
87;636;-32;
87;571;-99;
71;472;-152;
71;382;-152;
-38;334;-111;
-38;333;-74;
-46;333;-74;
-46;360;-86;
-46;413;-104;
45;466;-119;
45;507;-135;
62;541;-141;
62;551;-141;
62;551;-135;
55;532;-124;
55;506;-118;
62;480;-115;
71;464;-115;
78;452;-114;
84;443;-109;
84;434;-103;
83;426;-98;
79;416;-93;
74;406;-87;
68;397;-87;
65;389;-87;
63;380;-90;
58;369;-92;
52;354;-92;
47;339;-97;
43;326;-105;
36;313;-105;
26;303;-99;
18;297;-96;
17;292;-93;
17;285;-93;
22;276;-93;
-10;273;-102;
4;273;-121;
4;269;-134;
-4;249;-148;
-4;249;-148;
-7;270;-137;
-7;272;-137;
-11;274;-140;
-22;283;-140;
-37;302;-131;
-51;320;-131;
-51;339;-142;
-53;357;-142;
-53;380;-131;
-53;389;-114;
-57;412;-85;
-73;421;-62;
-102;433;-62;
-106;434;-77;
-106;438;-77;
-99;439;-70;
-87;443;-67;
-82;467;-62;
-79;521;-45;
-58;584;-44;
-58;634;-38;
87;636;-32;
87;636;-32;
87;571;-99;
71;472;-152;
71;382;-152;
-38;334;-111;
-38;333;-74;
-46;333;-74;
-46;360;-86;
-46;413;-104;
45;466;-119;
45;507;-135;
62;541;-141;
62;551;-141;
62;551;-135;
55;532;-124;
55;506;-118;
62;480;-115;
71;464;-115;
78;452;-114;
84;443;-109;
84;434;-103;
83;426;-98;
79;416;-93;
74;406;-87;
68;397;-87;
65;389;-87;
63;380;-90;
58;369;-92;
52;354;-92;
47;339;-97;
43;326;-105;
36;313;-105;
26;303;-99;
18;297;-96;
17;292;-93;
17;285;-93;
22;276;-93;
-10;273;-102;
4;273;-121;
4;269;-134;
-4;249;-148;
-4;249;-148;
-7;270;-137;
-7;272;-137;
-11;274;-140;
-22;283;-140;
-37;302;-131;
-51;320;-131;
-51;339;-142;
-53;357;-142;
-53;380;-131;
-53;389;-114;
-57;412;-85;
-73;421;-62;
-102;433;-62;
-106;434;-77;
-106;438;-77;
-99;439;-70;
-87;443;-67;
-82;467;-62;
-79;521;-45;
-58;584;-44;
-58;634;-38;
87;636;-32;
87;636;-32;
87;571;-99;
71;472;-152;
71;382;-152;
-38;334;-111;
-38;333;-74;
-46;333;-74;
-46;360;-86;
-46;413;-104;
45;466;-119;
45;507;-135;
62;541;-141;
62;551;-141;
62;551;-135;
55;532;-124;
55;506;-118;
62;480;-115;
71;464;-115;
78;452;-114;
84;443;-109;
84;434;-103;
83;426;-98;
79;416;-93;
74;406;-87;
68;397;-87;
65;389;-87;
63;380;-90;
58;369;-92;
52;354;-92;
47;339;-97;
43;326;-105;
36;313;-105;
26;303;-99;
18;297;-96;
17;292;-93;
17;285;-93;
22;276;-93;
-10;273;-102;
4;273;-121;
4;269;-134;
-4;249;-148;
-4;249;-148;
-7;270;-137;
-7;272;-137;
-11;274;-140;
-22;283;-140;
-37;302;-131;
-51;320;-131;
-51;339;-142;
-53;357;-142;
-53;380;-131;
-53;389;-114;
-57;412;-85;
-73;421;-62;
-102;433;-62;
-106;434;-77;
-106;438;-77;
-99;439;-70;
-87;443;-67;
-82;467;-62;
-79;521;-45;
-58;584;-44;
-58;634;-38;
87;636;-32;
87;636;-32;
87;571;-99;
71;472;-152;
71;382;-152;
-38;334;-111;
-38;333;-74;
-46;333;-74;
-46;360;-86;
-46;413;-104;
45;466;-119;
45;507;-135;
62;541;-141;
62;551;-141;
62;551;-135;
55;532;-124;
55;506;-118;
62;480;-115;
71;464;-115;
78;452;-114;
84;443;-109;
84;434;-103;
83;426;-98;
79;416;-93;
74;406;-87;
68;397;-87;
65;389;-87;
63;380;-90;
58;369;-92;
52;354;-92;
47;339;-97;
43;326;-105;
36;313;-105;
26;303;-99;
18;297;-96;
17;292;-93;
17;285;-93;
22;276;-93;
-10;273;-102;
4;273;-121;
4;269;-134;
-4;249;-148;
-4;249;-148;
-7;270;-137;
-7;272;-137;
-11;274;-140;
-22;283;-140;
-37;302;-131;
-51;320;-131;
-51;339;-142;
-53;357;-142;
-53;380;-131;
-53;389;-114;
-57;412;-85;
-73;421;-62;
-102;433;-62;
-106;434;-77;
-106;438;-77;
-99;439;-70;
-87;443;-67;
-82;467;-62;
-79;521;-45;
-58;584;-44;
-58;634;-38;
87;636;-32;
87;636;-32;
87;571;-99;
71;472;-152;
71;382;-152;
-38;334;-111;
-38;333;-74;
-46;333;-74;
-46;360;-86;
-46;413;-104;
45;466;-119;
45;507;-135;
62;541;-141;
62;551;-141;
62;551;-135;
55;532;-124;
55;506;-118;
62;480;-115;
71;464;-115;
78;452;-114;
84;443;-109;
84;434;-103;
83;426;-98;
79;416;-93;
74;406;-87;
68;397;-87;
65;389;-87;
63;380;-90;
58;369;-92;
52;354;-92;
47;339;-97;
43;326;-105;
36;313;-105;
26;303;-99;
18;297;-96;
17;292;-93;
17;285;-93;
22;276;-93;
-10;273;-102;
4;273;-121;
4;269;-134;
-4;249;-148;
-4;249;-148;
-7;270;-137;
-7;272;-137;
-11;274;-140;
-22;283;-140;
-37;302;-131;
-51;320;-131;
-51;339;-142;
-53;357;-142;
-53;380;-131;
-53;389;-114;
-57;412;-85;
-73;421;-62;
-102;433;-62;
-106;434;-77;
-106;438;-77;
-99;439;-70;
-87;443;-67;
-82;467;-62;
-79;521;-45;
-58;584;-44;
-58;634;-38;
87;636;-32;
87;636;-32;
87;571;-99;
71;472;-152;
71;382;-152;
-38;334;-111;
-38;333;-74;
-46;333;-74;
-46;360;-86;
-46;413;-104;
45;466;-119;
45;507;-135;
62;541;-141;
62;551;-141;
62;551;-135;
55;532;-124;
55;506;-118;
62;480;-115;
71;464;-115;
78;452;-114;
84;443;-109;
84;434;-103;
83;426;-98;
79;416;-93;
74;406;-87;
68;397;-87;
65;389;-87;
63;380;-90;
58;369;-92;
52;354;-92;
47;339;-97;
43;326;-105;
36;313;-105;
26;303;-99;
18;297;-96;
17;292;-93;
17;285;-93;
22;276;-93;
25;267;-88;
27;258;-83;
29;250;-82;
30;245;-79;
32;241;-79;
34;239;-81;
37;239;-89;
37;243;-92;
37;250;-93;
37;257;-96;
37;258;-96;
32;258;-91;
24;253;-86;
24;253;-79;
24;254;-70;
32;259;-66;
42;264;-66;
52;268;-66;
57;268;-66;
57;266;-64;
52;262;-61;
43;257;-56;
31;250;-49;
20;243;-43;
12;237;-42;
5;232;-42;
5;228;-44;
-5;221;-46;
-3;220;-49;
-5;220;-60;
15;227;-69;
15;241;-74;
30;261;-74;
48;280;-72;
59;300;-59;
60;303;-52;
60;303;-52;
50;291;-56;
42;278;-67;
37;276;-67;
33;276;-59;
33;284;-43;
36;292;-43;
50;298;-44;
64;307;-59;
74;318;-71;
75;329;-74;
75;334;-77;
76;334;-84;
76;333;-85;
73;328;-85;
60;319;-85;
45;312;-91;
35;312;-105;
35;313;-114;
38;329;-114;
38;349;-95;
35;368;-64;
35;382;-40;
32;393;-27;
32;400;-20;
-24;403;-18;
-24;412;-18;
-26;430;-26;
25;267;-88;
27;258;-83;
29;250;-82;
30;245;-79;
32;241;-79;
34;239;-81;
37;239;-89;
37;243;-92;
37;250;-93;
37;257;-96;
37;258;-96;
32;258;-91;
24;253;-86;
24;253;-79;
24;254;-70;
32;259;-66;
42;264;-66;
52;268;-66;
57;268;-66;
57;266;-64;
52;262;-61;
43;257;-56;
31;250;-49;
20;243;-43;
12;237;-42;
5;232;-42;
5;228;-44;
-5;221;-46;
-3;220;-49;
-5;220;-60;
15;227;-69;
15;241;-74;
30;261;-74;
48;280;-72;
59;300;-59;
60;303;-52;
60;303;-52;
50;291;-56;
42;278;-67;
37;276;-67;
33;276;-59;
33;284;-43;
36;292;-43;
50;298;-44;
64;307;-59;
74;318;-71;
75;329;-74;
75;334;-77;
76;334;-84;
76;333;-85;
73;328;-85;
60;319;-85;
45;312;-91;
35;312;-105;
35;313;-114;
38;329;-114;
38;349;-95;
35;368;-64;
35;382;-40;
32;393;-27;
32;400;-20;
-24;403;-18;
-24;412;-18;
-26;430;-26;
25;267;-88;
27;258;-83;
29;250;-82;
30;245;-79;
32;241;-79;
34;239;-81;
37;239;-89;
37;243;-92;
37;250;-93;
37;257;-96;
37;258;-96;
32;258;-91;
24;253;-86;
24;253;-79;
24;254;-70;
32;259;-66;
42;264;-66;
52;268;-66;
57;268;-66;
57;266;-64;
52;262;-61;
43;257;-56;
31;250;-49;
20;243;-43;
12;237;-42;
5;232;-42;
5;228;-44;
-5;221;-46;
-3;220;-49;
-5;220;-60;
15;227;-69;
15;241;-74;
30;261;-74;
48;280;-72;
59;300;-59;
60;303;-52;
60;303;-52;
50;291;-56;
42;278;-67;
37;276;-67;
33;276;-59;
33;284;-43;
36;292;-43;
50;298;-44;
64;307;-59;
74;318;-71;
75;329;-74;
75;334;-77;
76;334;-84;
76;333;-85;
73;328;-85;
60;319;-85;
45;312;-91;
35;312;-105;
35;313;-114;
38;329;-114;
38;349;-95;
35;368;-64;
35;382;-40;
32;393;-27;
32;400;-20;
-24;403;-18;
-24;412;-18;
-26;430;-26;
25;267;-88;
27;258;-83;
29;250;-82;
30;245;-79;
32;241;-79;
34;239;-81;
37;239;-89;
37;243;-92;
37;250;-93;
37;257;-96;
37;258;-96;
32;258;-91;
24;253;-86;
24;253;-79;
24;254;-70;
32;259;-66;
42;264;-66;
52;268;-66;
57;268;-66;
57;266;-64;
52;262;-61;
43;257;-56;
31;250;-49;
20;243;-43;
12;237;-42;
5;232;-42;
5;228;-44;
-5;221;-46;
-3;220;-49;
-5;220;-60;
15;227;-69;
15;241;-74;
30;261;-74;
48;280;-72;
59;300;-59;
60;303;-52;
60;303;-52;
50;291;-56;
42;278;-67;
37;276;-67;
33;276;-59;
33;284;-43;
36;292;-43;
50;298;-44;
64;307;-59;
74;318;-71;
75;329;-74;
75;334;-77;
76;334;-84;
76;333;-85;
73;328;-85;
60;319;-85;
45;312;-91;
35;312;-105;
35;313;-114;
38;329;-114;
38;349;-95;
35;368;-64;
35;382;-40;
32;393;-27;
32;400;-20;
-24;403;-18;
-24;412;-18;
-26;430;-26;
25;267;-88;
27;258;-83;
29;250;-82;
30;245;-79;
32;241;-79;
34;239;-81;
37;239;-89;
37;243;-92;
37;250;-93;
37;257;-96;
37;258;-96;
32;258;-91;
24;253;-86;
24;253;-79;
24;254;-70;
32;259;-66;
42;264;-66;
52;268;-66;
57;268;-66;
57;266;-64;
52;262;-61;
43;257;-56;
31;250;-49;
20;243;-43;
12;237;-42;
5;232;-42;
5;228;-44;
-5;221;-46;
-3;220;-49;
-5;220;-60;
15;227;-69;
15;241;-74;
30;261;-74;
48;280;-72;
59;300;-59;
60;303;-52;
60;303;-52;
50;291;-56;
42;278;-67;
37;276;-67;
33;276;-59;
33;284;-43;
36;292;-43;
50;298;-44;
64;307;-59;
74;318;-71;
75;329;-74;
75;334;-77;
76;334;-84;
76;333;-85;
73;328;-85;
60;319;-85;
45;312;-91;
35;312;-105;
35;313;-114;
38;329;-114;
38;349;-95;
35;368;-64;
35;382;-40;
32;393;-27;
32;400;-20;
-24;403;-18;
-24;412;-18;
-26;430;-26;
25;267;-88;
27;258;-83;
29;250;-82;
30;245;-79;
32;241;-79;
34;239;-81;
37;239;-89;
37;243;-92;
37;250;-93;
37;257;-96;
37;258;-96;
32;258;-91;
24;253;-86;
24;253;-79;
24;254;-70;
32;259;-66;
42;264;-66;
52;268;-66;
57;268;-66;
57;266;-64;
52;262;-61;
43;257;-56;
31;250;-49;
20;243;-43;
12;237;-42;
5;232;-42;
5;228;-44;
-5;221;-46;
-3;220;-49;
-5;220;-60;
15;227;-69;
15;241;-74;
30;261;-74;
48;280;-72;
59;300;-59;
60;303;-52;
60;303;-52;
50;291;-56;
42;278;-67;
37;276;-67;
33;276;-59;
33;284;-43;
36;292;-43;
50;298;-44;
64;307;-59;
74;318;-71;
75;329;-74;
75;334;-77;
76;334;-84;
76;333;-85;
73;328;-85;
60;319;-85;
45;312;-91;
35;312;-105;
35;313;-114;
38;329;-114;
38;349;-95;
35;368;-64;
35;382;-40;
32;393;-27;
32;400;-20;
-24;403;-18;
-24;412;-18;
-26;430;-26;
-26;459;-47;
-16;492;-73;
-10;517;-99;
-7;539;-120;
-7;553;-135;
4;553;-156;
3;550;-184;
4;535;-209;
-18;511;-226;
-18;487;-228;
-32;467;-228;
-47;449;-217;
-56;430;-203;
-56;406;-186;
-40;379;-173;
-31;358;-168;
-31;356;-168;
14;351;-172;
14;351;-182;
31;355;-198;
55;365;-213;
79;387;-217;
93;416;-217;
103;441;-209;
103;458;-198;
103;463;-185;
95;463;-170;
83;452;-161;
66;434;-156;
50;415;-151;
37;390;-149;
25;363;-149;
13;335;-150;
8;311;-150;
3;289;-149;
2;273;-145;
2;261;-141;
6;251;-136;
11;243;-125;
14;236;-116;
18;236;-110;
24;237;-100;
27;240;-90;
28;240;-81;
28;235;-80;
29;225;-80;
33;213;-92;
39;204;-110;
43;197;-127;
47;197;-138;
47;203;-142;
45;208;-142;
42;208;-135;
40;205;-129;
33;198;-126;
26;188;-123;
14;177;-120;
14;168;-116;
-17;163;-112;
-17;159;-112;
-18;159;-112;
-18;166;-112;
-17;180;-112;
-17;201;-112;
-26;459;-47;
-16;492;-73;
-10;517;-99;
-7;539;-120;
-7;553;-135;
4;553;-156;
3;550;-184;
4;535;-209;
-18;511;-226;
-18;487;-228;
-32;467;-228;
-47;449;-217;
-56;430;-203;
-56;406;-186;
-40;379;-173;
-31;358;-168;
-31;356;-168;
14;351;-172;
14;351;-182;
31;355;-198;
55;365;-213;
79;387;-217;
93;416;-217;
103;441;-209;
103;458;-198;
103;463;-185;
95;463;-170;
83;452;-161;
66;434;-156;
50;415;-151;
37;390;-149;
25;363;-149;
13;335;-150;
8;311;-150;
3;289;-149;
2;273;-145;
2;261;-141;
6;251;-136;
11;243;-125;
14;236;-116;
18;236;-110;
24;237;-100;
27;240;-90;
28;240;-81;
28;235;-80;
29;225;-80;
33;213;-92;
39;204;-110;
43;197;-127;
47;197;-138;
47;203;-142;
45;208;-142;
42;208;-135;
40;205;-129;
33;198;-126;
26;188;-123;
14;177;-120;
14;168;-116;
-17;163;-112;
-17;159;-112;
-18;159;-112;
-18;166;-112;
-17;180;-112;
-17;201;-112;
-26;459;-47;
-16;492;-73;
-10;517;-99;
-7;539;-120;
-7;553;-135;
4;553;-156;
3;550;-184;
4;535;-209;
-18;511;-226;
-18;487;-228;
-32;467;-228;
-47;449;-217;
-56;430;-203;
-56;406;-186;
-40;379;-173;
-31;358;-168;
-31;356;-168;
14;351;-172;
14;351;-182;
31;355;-198;
55;365;-213;
79;387;-217;
93;416;-217;
103;441;-209;
103;458;-198;
103;463;-185;
95;463;-170;
83;452;-161;
66;434;-156;
50;415;-151;
37;390;-149;
25;363;-149;
13;335;-150;
8;311;-150;
3;289;-149;
2;273;-145;
2;261;-141;
6;251;-136;
11;243;-125;
14;236;-116;
18;236;-110;
24;237;-100;
27;240;-90;
28;240;-81;
28;235;-80;
29;225;-80;
33;213;-92;
39;204;-110;
43;197;-127;
47;197;-138;
47;203;-142;
45;208;-142;
42;208;-135;
40;205;-129;
33;198;-126;
26;188;-123;
14;177;-120;
14;168;-116;
-17;163;-112;
-17;159;-112;
-18;159;-112;
-18;166;-112;
-17;180;-112;
-17;201;-112;
-26;459;-47;
-16;492;-73;
-10;517;-99;
-7;539;-120;
-7;553;-135;
4;553;-156;
3;550;-184;
4;535;-209;
-18;511;-226;
-18;487;-228;
-32;467;-228;
-47;449;-217;
-56;430;-203;
-56;406;-186;
-40;379;-173;
-31;358;-168;
-31;356;-168;
14;351;-172;
14;351;-182;
31;355;-198;
55;365;-213;
79;387;-217;
93;416;-217;
103;441;-209;
103;458;-198;
103;463;-185;
95;463;-170;
83;452;-161;
66;434;-156;
50;415;-151;
37;390;-149;
25;363;-149;
13;335;-150;
8;311;-150;
3;289;-149;
2;273;-145;
2;261;-141;
6;251;-136;
11;243;-125;
14;236;-116;
18;236;-110;
24;237;-100;
27;240;-90;
28;240;-81;
28;235;-80;
29;225;-80;
33;213;-92;
39;204;-110;
43;197;-127;
47;197;-138;
47;203;-142;
45;208;-142;
42;208;-135;
40;205;-129;
33;198;-126;
26;188;-123;
14;177;-120;
14;168;-116;
-17;163;-112;
-17;159;-112;
-18;159;-112;
-18;166;-112;
-17;180;-112;
-17;201;-112;
-26;459;-47;
-16;492;-73;
-10;517;-99;
-7;539;-120;
-7;553;-135;
4;553;-156;
3;550;-184;
4;535;-209;
-18;511;-226;
-18;487;-228;
-32;467;-228;
-47;449;-217;
-56;430;-203;
-56;406;-186;
-40;379;-173;
-31;358;-168;
-31;356;-168;
14;351;-172;
14;351;-182;
31;355;-198;
55;365;-213;
79;387;-217;
93;416;-217;
103;441;-209;
103;458;-198;
103;463;-185;
95;463;-170;
83;452;-161;
66;434;-156;
50;415;-151;
37;390;-149;
25;363;-149;
13;335;-150;
8;311;-150;
3;289;-149;
2;273;-145;
2;261;-141;
6;251;-136;
11;243;-125;
14;236;-116;
18;236;-110;
24;237;-100;
27;240;-90;
28;240;-81;
28;235;-80;
29;225;-80;
33;213;-92;
39;204;-110;
43;197;-127;
47;197;-138;
47;203;-142;
45;208;-142;
42;208;-135;
40;205;-129;
33;198;-126;
26;188;-123;
14;177;-120;
14;168;-116;
-17;163;-112;
-17;159;-112;
-18;159;-112;
-18;166;-112;
-17;180;-112;
-17;201;-112;
-26;459;-47;
-16;492;-73;
-10;517;-99;
-7;539;-120;
-7;553;-135;
4;553;-156;
3;550;-184;
4;535;-209;
-18;511;-226;
-18;487;-228;
-32;467;-228;
-47;449;-217;
-56;430;-203;
-56;406;-186;
-40;379;-173;
-31;358;-168;
-31;356;-168;
14;351;-172;
14;351;-182;
31;355;-198;
55;365;-213;
79;387;-217;
93;416;-217;
103;441;-209;
103;458;-198;
103;463;-185;
95;463;-170;
83;452;-161;
66;434;-156;
50;415;-151;
37;390;-149;
25;363;-149;
13;335;-150;
8;311;-150;
3;289;-149;
2;273;-145;
2;261;-141;
6;251;-136;
11;243;-125;
14;236;-116;
18;236;-110;
24;237;-100;
27;240;-90;
28;240;-81;
28;235;-80;
29;225;-80;
33;213;-92;
39;204;-110;
43;197;-127;
47;197;-138;
47;203;-142;
45;208;-142;
42;208;-135;
40;205;-129;
33;198;-126;
26;188;-123;
14;177;-120;
14;168;-116;
-17;163;-112;
-17;159;-112;
-18;159;-112;
-18;166;-112;
-17;180;-112;
-17;201;-112;
16;222;-110;
16;243;-106;
23;261;-106;
33;273;-110;
40;276;-114;
47;284;-114;
47;284;-126;
47;283;-136;
41;283;-139;
37;283;-139;
29;285;-134;
29;286;-119;
-25;287;-96;
-25;291;-79;
-34;298;-69;
-35;301;-68;
-36;301;-68;
-38;299;-68;
-48;297;-80;
-48;286;-95;
-46;277;-114;
-45;271;-119;
-44;268;-127;
-44;262;-131;
-46;262;-145;
-53;266;-149;
-58;283;-149;
-73;301;-146;
-73;328;-146;
-73;363;-157;
-73;389;-157;
-74;417;-132;
-74;453;-123;
-83;473;-123;
-102;474;-128;
-107;474;-128;
-108;480;-89;
-107;482;-51;
-108;480;-35;
-112;485;-23;
-112;486;-23;
-101;503;-19;
-101;525;-30;
-25;525;33;
51;520;19;
101;498;33;
101;465;-129;
119;424;-129;
119;380;-186;
104;349;-207;
63;349;-207;
38;351;-182;
38;386;-144;
30;453;-111;
42;481;-101;
30;482;-101;
57;481;-127;
57;482;-146;
64;503;-146;
64;510;-142;
45;510;-127;
34;492;-103;
25;470;-93;
21;444;-93;
16;222;-110;
16;243;-106;
23;261;-106;
33;273;-110;
40;276;-114;
47;284;-114;
47;284;-126;
47;283;-136;
41;283;-139;
37;283;-139;
29;285;-134;
29;286;-119;
-25;287;-96;
-25;291;-79;
-34;298;-69;
-35;301;-68;
-36;301;-68;
-38;299;-68;
-48;297;-80;
-48;286;-95;
-46;277;-114;
-45;271;-119;
-44;268;-127;
-44;262;-131;
-46;262;-145;
-53;266;-149;
-58;283;-149;
-73;301;-146;
-73;328;-146;
-73;363;-157;
-73;389;-157;
-74;417;-132;
-74;453;-123;
-83;473;-123;
-102;474;-128;
-107;474;-128;
-108;480;-89;
-107;482;-51;
-108;480;-35;
-112;485;-23;
-112;486;-23;
-101;503;-19;
-101;525;-30;
-25;525;33;
51;520;19;
101;498;33;
101;465;-129;
119;424;-129;
119;380;-186;
104;349;-207;
63;349;-207;
38;351;-182;
38;386;-144;
30;453;-111;
42;481;-101;
30;482;-101;
57;481;-127;
57;482;-146;
64;503;-146;
64;510;-142;
45;510;-127;
34;492;-103;
25;470;-93;
21;444;-93;
16;222;-110;
16;243;-106;
23;261;-106;
33;273;-110;
40;276;-114;
47;284;-114;
47;284;-126;
47;283;-136;
41;283;-139;
37;283;-139;
29;285;-134;
29;286;-119;
-25;287;-96;
-25;291;-79;
-34;298;-69;
-35;301;-68;
-36;301;-68;
-38;299;-68;
-48;297;-80;
-48;286;-95;
-46;277;-114;
-45;271;-119;
-44;268;-127;
-44;262;-131;
-46;262;-145;
-53;266;-149;
-58;283;-149;
-73;301;-146;
-73;328;-146;
-73;363;-157;
-73;389;-157;
-74;417;-132;
-74;453;-123;
-83;473;-123;
-102;474;-128;
-107;474;-128;
-108;480;-89;
-107;482;-51;
-108;480;-35;
-112;485;-23;
-112;486;-23;
-101;503;-19;
-101;525;-30;
-25;525;33;
51;520;19;
101;498;33;
101;465;-129;
119;424;-129;
119;380;-186;
104;349;-207;
63;349;-207;
38;351;-182;
38;386;-144;
30;453;-111;
42;481;-101;
30;482;-101;
57;481;-127;
57;482;-146;
64;503;-146;
64;510;-142;
45;510;-127;
34;492;-103;
25;470;-93;
21;444;-93;
16;222;-110;
16;243;-106;
23;261;-106;
33;273;-110;
40;276;-114;
47;284;-114;
47;284;-126;
47;283;-136;
41;283;-139;
37;283;-139;
29;285;-134;
29;286;-119;
-25;287;-96;
-25;291;-79;
-34;298;-69;
-35;301;-68;
-36;301;-68;
-38;299;-68;
-48;297;-80;
-48;286;-95;
-46;277;-114;
-45;271;-119;
-44;268;-127;
-44;262;-131;
-46;262;-145;
-53;266;-149;
-58;283;-149;
-73;301;-146;
-73;328;-146;
-73;363;-157;
-73;389;-157;
-74;417;-132;
-74;453;-123;
-83;473;-123;
-102;474;-128;
-107;474;-128;
-108;480;-89;
-107;482;-51;
-108;480;-35;
-112;485;-23;
-112;486;-23;
-101;503;-19;
-101;525;-30;
-25;525;33;
51;520;19;
101;498;33;
101;465;-129;
119;424;-129;
119;380;-186;
104;349;-207;
63;349;-207;
38;351;-182;
38;386;-144;
30;453;-111;
42;481;-101;
30;482;-101;
57;481;-127;
57;482;-146;
64;503;-146;
64;510;-142;
45;510;-127;
34;492;-103;
25;470;-93;
21;444;-93;
16;222;-110;
16;243;-106;
23;261;-106;
33;273;-110;
40;276;-114;
47;284;-114;
47;284;-126;
47;283;-136;
41;283;-139;
37;283;-139;
29;285;-134;
29;286;-119;
-25;287;-96;
-25;291;-79;
-34;298;-69;
-35;301;-68;
-36;301;-68;
-38;299;-68;
-48;297;-80;
-48;286;-95;
-46;277;-114;
-45;271;-119;
-44;268;-127;
-44;262;-131;
-46;262;-145;
-53;266;-149;
-58;283;-149;
-73;301;-146;
-73;328;-146;
-73;363;-157;
-73;389;-157;
-74;417;-132;
-74;453;-123;
-83;473;-123;
-102;474;-128;
-107;474;-128;
-108;480;-89;
-107;482;-51;
-108;480;-35;
-112;485;-23;
-112;486;-23;
-101;503;-19;
-101;525;-30;
-25;525;33;
51;520;19;
101;498;33;
101;465;-129;
119;424;-129;
119;380;-186;
104;349;-207;
63;349;-207;
38;351;-182;
38;386;-144;
30;453;-111;
42;481;-101;
30;482;-101;
57;481;-127;
57;482;-146;
64;503;-146;
64;510;-142;
45;510;-127;
34;492;-103;
25;470;-93;
21;444;-93;
16;222;-110;
16;243;-106;
23;261;-106;
33;273;-110;
40;276;-114;
47;284;-114;
47;284;-126;
47;283;-136;
41;283;-139;
37;283;-139;
29;285;-134;
29;286;-119;
-25;287;-96;
-25;291;-79;
-34;298;-69;
-35;301;-68;
-36;301;-68;
-38;299;-68;
-48;297;-80;
-48;286;-95;
-46;277;-114;
-45;271;-119;
-44;268;-127;
-44;262;-131;
-46;262;-145;
-53;266;-149;
-58;283;-149;
-73;301;-146;
-73;328;-146;
-73;363;-157;
-73;389;-157;
-74;417;-132;
-74;453;-123;
-83;473;-123;
-102;474;-128;
-107;474;-128;
-108;480;-89;
-107;482;-51;
-108;480;-35;
-112;485;-23;
-112;486;-23;
-101;503;-19;
-101;525;-30;
-25;525;33;
51;520;19;
101;498;33;
101;465;-129;
119;424;-129;
119;380;-186;
104;349;-207;
63;349;-207;
38;351;-182;
38;386;-144;
30;453;-111;
42;481;-101;
30;482;-101;
57;481;-127;
57;482;-146;
64;503;-146;
64;510;-142;
45;510;-127;
34;492;-103;
25;470;-93;
21;444;-93;
19;424;-101;
18;410;-109;
16;401;-112;
13;401;-112;
11;401;-101;
11;402;-88;
13;402;-88;
17;394;-88;
17;379;-91;
15;358;-94;
10;340;-94;
4;330;-94;
1;319;-86;
1;310;-83;
5;303;-82;
7;294;-80;
7;286;-80;
7;280;-80;
10;275;-81;
15;271;-80;
16;268;-75;
16;264;-65;
16;256;-65;
17;246;-65;
19;235;-69;
21;227;-74;
21;227;-74;
20;229;-67;
20;229;-62;
20;228;-62;
23;227;-64;
28;227;-64;
31;227;-62;
37;229;-62;
48;234;-67;
58;240;-69;
58;250;-69;
57;261;-57;
49;263;-44;
40;263;-33;
32;259;-28;
30;253;-21;
29;248;-11;
26;243;-11;
19;239;4;
17;236;4;
17;236;-30;
19;236;-30;
30;244;-51;
45;253;-61;
54;265;-61;
56;278;-54;
56;288;-40;
50;289;-24;
41;289;-22;
32;280;-22;
28;271;-32;
28;266;-44;
35;266;-61;
42;276;-77;
44;295;-77;
44;315;-66;
44;328;-54;
42;338;-54;
19;424;-101;
18;410;-109;
16;401;-112;
13;401;-112;
11;401;-101;
11;402;-88;
13;402;-88;
17;394;-88;
17;379;-91;
15;358;-94;
10;340;-94;
4;330;-94;
1;319;-86;
1;310;-83;
5;303;-82;
7;294;-80;
7;286;-80;
7;280;-80;
10;275;-81;
15;271;-80;
16;268;-75;
16;264;-65;
16;256;-65;
17;246;-65;
19;235;-69;
21;227;-74;
21;227;-74;
20;229;-67;
20;229;-62;
20;228;-62;
23;227;-64;
28;227;-64;
31;227;-62;
37;229;-62;
48;234;-67;
58;240;-69;
58;250;-69;
57;261;-57;
49;263;-44;
40;263;-33;
32;259;-28;
30;253;-21;
29;248;-11;
26;243;-11;
19;239;4;
17;236;4;
17;236;-30;
19;236;-30;
30;244;-51;
45;253;-61;
54;265;-61;
56;278;-54;
56;288;-40;
50;289;-24;
41;289;-22;
32;280;-22;
28;271;-32;
28;266;-44;
35;266;-61;
42;276;-77;
44;295;-77;
44;315;-66;
44;328;-54;
42;338;-54;
19;424;-101;
18;410;-109;
16;401;-112;
13;401;-112;
11;401;-101;
11;402;-88;
13;402;-88;
17;394;-88;
17;379;-91;
15;358;-94;
10;340;-94;
4;330;-94;
1;319;-86;
1;310;-83;
5;303;-82;
7;294;-80;
7;286;-80;
7;280;-80;
10;275;-81;
15;271;-80;
16;268;-75;
16;264;-65;
16;256;-65;
17;246;-65;
19;235;-69;
21;227;-74;
21;227;-74;
20;229;-67;
20;229;-62;
20;228;-62;
23;227;-64;
28;227;-64;
31;227;-62;
37;229;-62;
48;234;-67;
58;240;-69;
58;250;-69;
57;261;-57;
49;263;-44;
40;263;-33;
32;259;-28;
30;253;-21;
29;248;-11;
26;243;-11;
19;239;4;
17;236;4;
17;236;-30;
19;236;-30;
30;244;-51;
45;253;-61;
54;265;-61;
56;278;-54;
56;288;-40;
50;289;-24;
41;289;-22;
32;280;-22;
28;271;-32;
28;266;-44;
35;266;-61;
42;276;-77;
44;295;-77;
44;315;-66;
44;328;-54;
42;338;-54;
19;424;-101;
18;410;-109;
16;401;-112;
13;401;-112;
11;401;-101;
11;402;-88;
13;402;-88;
17;394;-88;
17;379;-91;
15;358;-94;
10;340;-94;
4;330;-94;
1;319;-86;
1;310;-83;
5;303;-82;
7;294;-80;
7;286;-80;
7;280;-80;
10;275;-81;
15;271;-80;
16;268;-75;
16;264;-65;
16;256;-65;
17;246;-65;
19;235;-69;
21;227;-74;
21;227;-74;
20;229;-67;
20;229;-62;
20;228;-62;
23;227;-64;
28;227;-64;
31;227;-62;
37;229;-62;
48;234;-67;
58;240;-69;
58;250;-69;
57;261;-57;
49;263;-44;
40;263;-33;
32;259;-28;
30;253;-21;
29;248;-11;
26;243;-11;
19;239;4;
17;236;4;
17;236;-30;
19;236;-30;
30;244;-51;
45;253;-61;
54;265;-61;
56;278;-54;
56;288;-40;
50;289;-24;
41;289;-22;
32;280;-22;
28;271;-32;
28;266;-44;
35;266;-61;
42;276;-77;
44;295;-77;
44;315;-66;
44;328;-54;
42;338;-54;
19;424;-101;
18;410;-109;
16;401;-112;
13;401;-112;
11;401;-101;
11;402;-88;
13;402;-88;
17;394;-88;
17;379;-91;
15;358;-94;
10;340;-94;
4;330;-94;
1;319;-86;
1;310;-83;
5;303;-82;
7;294;-80;
7;286;-80;
7;280;-80;
10;275;-81;
15;271;-80;
16;268;-75;
16;264;-65;
16;256;-65;
17;246;-65;
19;235;-69;
21;227;-74;
21;227;-74;
20;229;-67;
20;229;-62;
20;228;-62;
23;227;-64;
28;227;-64;
31;227;-62;
37;229;-62;
48;234;-67;
58;240;-69;
58;250;-69;
57;261;-57;
49;263;-44;
40;263;-33;
32;259;-28;
30;253;-21;
29;248;-11;
26;243;-11;
19;239;4;
17;236;4;
17;236;-30;
19;236;-30;
30;244;-51;
45;253;-61;
54;265;-61;
56;278;-54;
56;288;-40;
50;289;-24;
41;289;-22;
32;280;-22;
28;271;-32;
28;266;-44;
35;266;-61;
42;276;-77;
44;295;-77;
44;315;-66;
44;328;-54;
42;338;-54;
19;424;-101;
18;410;-109;
16;401;-112;
13;401;-112;
11;401;-101;
11;402;-88;
13;402;-88;
17;394;-88;
17;379;-91;
15;358;-94;
10;340;-94;
4;330;-94;
1;319;-86;
1;310;-83;
5;303;-82;
7;294;-80;
7;286;-80;
7;280;-80;
10;275;-81;
15;271;-80;
16;268;-75;
16;264;-65;
16;256;-65;
17;246;-65;
19;235;-69;
21;227;-74;
21;227;-74;
20;229;-67;
20;229;-62;
20;228;-62;
23;227;-64;
28;227;-64;
31;227;-62;
37;229;-62;
48;234;-67;
58;240;-69;
58;250;-69;
57;261;-57;
49;263;-44;
40;263;-33;
32;259;-28;
30;253;-21;
29;248;-11;
26;243;-11;
19;239;4;
17;236;4;
17;236;-30;
19;236;-30;
30;244;-51;
45;253;-61;
54;265;-61;
56;278;-54;
56;288;-40;
50;289;-24;
41;289;-22;
32;280;-22;
28;271;-32;
28;266;-44;
35;266;-61;
42;276;-77;
44;295;-77;
44;315;-66;
44;328;-54;
42;338;-54;
41;351;-51;
35;374;-43;
31;401;-32;
24;425;-18;
24;445;-18;
-16;458;-24;
-16;474;-27;
-23;495;-29;
-32;514;-36;
-38;533;-59;
-44;553;-76;
-51;572;-88;
-51;573;-103;
-49;573;-121;
-49;555;-134;
-50;538;-145;
-62;517;-154;
-71;491;-163;
-71;470;-166;
-71;448;-177;
-76;412;-177;
-77;399;-176;
-76;399;-170;
-75;410;-170;
-60;420;-180;
-60;422;-204;
33;425;-233;
33;438;-246;
57;458;-246;
75;478;-241;
86;484;-231;
93;484;-220;
94;471;-206;
94;457;-188;
92;444;-164;
83;427;-140;
69;411;-124;
57;391;-120;
44;363;-118;
32;332;-116;
20;306;-115;
20;286;-113;
-15;270;-113;
-15;260;-114;
-15;253;-117;
-11;249;-117;
-7;248;-115;
-7;248;-111;
5;249;-105;
5;249;-97;
8;242;-90;
10;237;-86;
11;229;-86;
11;220;-89;
9;209;-97;
8;198;-105;
6;187;-111;
6;176;-116;
-14;169;-120;
-14;164;-121;
-21;160;-121;
-24;155;-121;
-24;151;-121;
-24;145;-121;
41;351;-51;
35;374;-43;
31;401;-32;
24;425;-18;
24;445;-18;
-16;458;-24;
-16;474;-27;
-23;495;-29;
-32;514;-36;
-38;533;-59;
-44;553;-76;
-51;572;-88;
-51;573;-103;
-49;573;-121;
-49;555;-134;
-50;538;-145;
-62;517;-154;
-71;491;-163;
-71;470;-166;
-71;448;-177;
-76;412;-177;
-77;399;-176;
-76;399;-170;
-75;410;-170;
-60;420;-180;
-60;422;-204;
33;425;-233;
33;438;-246;
57;458;-246;
75;478;-241;
86;484;-231;
93;484;-220;
94;471;-206;
94;457;-188;
92;444;-164;
83;427;-140;
69;411;-124;
57;391;-120;
44;363;-118;
32;332;-116;
20;306;-115;
20;286;-113;
-15;270;-113;
-15;260;-114;
-15;253;-117;
-11;249;-117;
-7;248;-115;
-7;248;-111;
5;249;-105;
5;249;-97;
8;242;-90;
10;237;-86;
11;229;-86;
11;220;-89;
9;209;-97;
8;198;-105;
6;187;-111;
6;176;-116;
-14;169;-120;
-14;164;-121;
-21;160;-121;
-24;155;-121;
-24;151;-121;
-24;145;-121;
41;351;-51;
35;374;-43;
31;401;-32;
24;425;-18;
24;445;-18;
-16;458;-24;
-16;474;-27;
-23;495;-29;
-32;514;-36;
-38;533;-59;
-44;553;-76;
-51;572;-88;
-51;573;-103;
-49;573;-121;
-49;555;-134;
-50;538;-145;
-62;517;-154;
-71;491;-163;
-71;470;-166;
-71;448;-177;
-76;412;-177;
-77;399;-176;
-76;399;-170;
-75;410;-170;
-60;420;-180;
-60;422;-204;
33;425;-233;
33;438;-246;
57;458;-246;
75;478;-241;
86;484;-231;
93;484;-220;
94;471;-206;
94;457;-188;
92;444;-164;
83;427;-140;
69;411;-124;
57;391;-120;
44;363;-118;
32;332;-116;
20;306;-115;
20;286;-113;
-15;270;-113;
-15;260;-114;
-15;253;-117;
-11;249;-117;
-7;248;-115;
-7;248;-111;
5;249;-105;
5;249;-97;
8;242;-90;
10;237;-86;
11;229;-86;
11;220;-89;
9;209;-97;
8;198;-105;
6;187;-111;
6;176;-116;
-14;169;-120;
-14;164;-121;
-21;160;-121;
-24;155;-121;
-24;151;-121;
-24;145;-121;
41;351;-51;
35;374;-43;
31;401;-32;
24;425;-18;
24;445;-18;
-16;458;-24;
-16;474;-27;
-23;495;-29;
-32;514;-36;
-38;533;-59;
-44;553;-76;
-51;572;-88;
-51;573;-103;
-49;573;-121;
-49;555;-134;
-50;538;-145;
-62;517;-154;
-71;491;-163;
-71;470;-166;
-71;448;-177;
-76;412;-177;
-77;399;-176;
-76;399;-170;
-75;410;-170;
-60;420;-180;
-60;422;-204;
33;425;-233;
33;438;-246;
57;458;-246;
75;478;-241;
86;484;-231;
93;484;-220;
94;471;-206;
94;457;-188;
92;444;-164;
83;427;-140;
69;411;-124;
57;391;-120;
44;363;-118;
32;332;-116;
20;306;-115;
20;286;-113;
-15;270;-113;
-15;260;-114;
-15;253;-117;
-11;249;-117;
-7;248;-115;
-7;248;-111;
5;249;-105;
5;249;-97;
8;242;-90;
10;237;-86;
11;229;-86;
11;220;-89;
9;209;-97;
8;198;-105;
6;187;-111;
6;176;-116;
-14;169;-120;
-14;164;-121;
-21;160;-121;
-24;155;-121;
-24;151;-121;
-24;145;-121;
41;351;-51;
35;374;-43;
31;401;-32;
24;425;-18;
24;445;-18;
-16;458;-24;
-16;474;-27;
-23;495;-29;
-32;514;-36;
-38;533;-59;
-44;553;-76;
-51;572;-88;
-51;573;-103;
-49;573;-121;
-49;555;-134;
-50;538;-145;
-62;517;-154;
-71;491;-163;
-71;470;-166;
-71;448;-177;
-76;412;-177;
-77;399;-176;
-76;399;-170;
-75;410;-170;
-60;420;-180;
-60;422;-204;
33;425;-233;
33;438;-246;
57;458;-246;
75;478;-241;
86;484;-231;
93;484;-220;
94;471;-206;
94;457;-188;
92;444;-164;
83;427;-140;
69;411;-124;
57;391;-120;
44;363;-118;
32;332;-116;
20;306;-115;
20;286;-113;
-15;270;-113;
-15;260;-114;
-15;253;-117;
-11;249;-117;
-7;248;-115;
-7;248;-111;
5;249;-105;
5;249;-97;
8;242;-90;
10;237;-86;
11;229;-86;
11;220;-89;
9;209;-97;
8;198;-105;
6;187;-111;
6;176;-116;
-14;169;-120;
-14;164;-121;
-21;160;-121;
-24;155;-121;
-24;151;-121;
-24;145;-121;
41;351;-51;
35;374;-43;
31;401;-32;
24;425;-18;
24;445;-18;
-16;458;-24;
-16;474;-27;
-23;495;-29;
-32;514;-36;
-38;533;-59;
-44;553;-76;
-51;572;-88;
-51;573;-103;
-49;573;-121;
-49;555;-134;
-50;538;-145;
-62;517;-154;
-71;491;-163;
-71;470;-166;
-71;448;-177;
-76;412;-177;
-77;399;-176;
-76;399;-170;
-75;410;-170;
-60;420;-180;
-60;422;-204;
33;425;-233;
33;438;-246;
57;458;-246;
75;478;-241;
86;484;-231;
93;484;-220;
94;471;-206;
94;457;-188;
92;444;-164;
83;427;-140;
69;411;-124;
57;391;-120;
44;363;-118;
32;332;-116;
20;306;-115;
20;286;-113;
-15;270;-113;
-15;260;-114;
-15;253;-117;
-11;249;-117;
-7;248;-115;
-7;248;-111;
5;249;-105;
5;249;-97;
8;242;-90;
10;237;-86;
11;229;-86;
11;220;-89;
9;209;-97;
8;198;-105;
6;187;-111;
6;176;-116;
-14;169;-120;
-14;164;-121;
-21;160;-121;
-24;155;-121;
-24;151;-121;
-24;145;-121;