359;1;39;
359;2;39;
358;-5;41;
357;-4;41;
355;-4;41;
355;-4;42;
355;-4;42;
356;-4;42;
356;-3;40;
357;-3;39;
358;-2;37;
358;-2;37;
358;-2;37;
358;-2;38;
357;-10;39;
352;-28;50;
349;-31;57;
349;-32;57;
349;-33;57;
350;-33;58;
353;-32;58;
354;-32;58;
355;-31;56;
357;-29;56;
358;-28;53;
358;-28;53;
360;-27;53;
361;-27;53;
361;-26;54;
360;-26;55;
360;-26;55;
359;-26;56;
359;-25;57;
357;-25;59;
356;-25;59;
355;-25;58;
354;-23;57;
354;-22;56;
354;-22;55;
354;-22;55;
354;-22;52;
354;-22;51;
353;-22;51;
352;-23;51;
352;-23;51;
352;-24;51;
353;-25;52;
353;-26;53;
353;-26;53;
352;-26;55;
352;-25;56;
352;-25;56;
352;-24;57;
352;-24;57;
352;-23;57;
352;-23;58;
352;-22;58;
352;-22;58;
352;-21;58;
354;-20;58;
354;-20;55;
354;-20;55;
354;-20;56;
354;-20;57;
353;-27;61;
353;-27;61;
352;-27;60;
352;-25;60;
352;-25;60;
351;-25;60;
351;-26;59;
350;-26;59;
350;-26;58;
350;-26;56;
351;-26;56;
352;-26;56;
352;-27;57;
353;-27;57;
354;-26;58;
354;-26;58;
354;-26;58;
354;-28;58;
353;-28;60;
352;-27;60;
352;-26;60;
352;-26;60;
352;-26;60;
352;-24;60;
352;-23;60;
352;-22;60;
351;-22;58;
350;-22;57;
350;-23;57;
350;-24;57;
351;-24;57;
352;-24;57;
353;-25;56;
353;-25;56;
353;-26;56;
352;-26;56;
352;-26;57;
353;-27;57;
353;-28;56;
353;-28;56;
354;-26;57;
354;-26;57;
354;-26;57;
354;-25;57;
353;-24;57;
353;-22;56;
353;-21;56;
352;-21;56;
352;-21;56;
352;-21;55;
352;-21;56;
352;-21;56;
352;-21;56;
351;-21;56;
351;-22;58;
351;-22;58;
353;-22;57;
354;-21;56;
354;-21;55;
353;-22;55;
353;-22;55;
354;-22;55;
354;-22;53;
354;-23;53;
353;-23;54;
352;-22;54;
352;-22;54;
352;-22;54;
352;-22;54;
352;-21;53;
353;-21;52;
353;-21;52;
353;-21;52;
353;-21;52;
354;-21;52;
355;-22;52;
355;-22;52;
355;-22;52;
355;-22;52;
355;-22;52;
355;-22;52;
355;-22;53;
354;-22;53;
353;-21;52;
352;-21;52;
352;-21;52;
352;-21;52;
353;-21;54;
353;-21;55;
353;-21;55;
354;-21;52;
354;-22;51;
354;-22;50;
353;-22;50;
352;-22;52;
352;-22;56;
353;-23;57;
354;-23;59;
354;-23;59;
354;-23;55;
355;-21;51;
356;-20;46;
356;-20;43;
356;-21;41;
356;-23;41;
356;-24;44;
356;-26;48;
356;-27;49;
357;-27;52;
357;-25;52;
356;-24;53;
356;-24;53;
356;-23;54;
356;-23;54;
356;-22;54;
356;-22;54;
355;-22;54;
354;-21;52;
354;-21;50;
353;-20;48;
353;-20;47;
353;-22;47;
353;-22;48;
354;-24;49;
354;-25;50;
354;-25;50;
354;-26;50;
355;-26;49;
355;-26;49;
354;-26;49;
354;-26;50;
354;-25;52;
354;-25;52;
353;-25;54;
352;-25;55;
352;-25;55;
352;-23;54;
352;-22;54;
352;-21;53;
352;-21;51;
352;-21;51;
353;-21;54;
353;-22;54;
353;-23;54;
353;-23;54;
352;-23;55;
352;-24;57;
352;-24;57;
352;-24;55;
352;-24;55;
352;-24;55;
352;-24;55;
352;-24;56;
351;-25;56;
351;-25;56;
351;-25;56;
351;-25;56;
351;-25;57;
351;-25;57;
352;-25;56;
353;-25;56;
353;-25;56;
353;-26;55;
354;-26;55;
355;-26;54;
355;-26;54;
353;-26;54;
353;-25;56;
354;-25;56;
355;-25;54;
355;-25;54;
355;-24;54;
354;-24;54;
354;-24;55;
354;-24;55;
355;-23;55;
355;-23;55;
355;-23;55;
355;-23;55;
355;-22;55;
354;-22;54;
354;-21;54;
353;-21;54;
352;-22;54;
352;-22;54;
354;-23;54;
354;-25;53;
353;-25;54;
353;-25;54;
353;-25;54;
354;-26;55;
354;-26;54;
354;-26;54;
354;-26;53;
354;-26;53;
355;-26;53;
355;-26;53;
355;-26;53;
355;-26;54;
355;-25;55;
354;-26;55;
354;-25;55;
355;-25;50;
355;-23;49;
354;-23;49;
353;-23;51;
353;-24;55;
355;-26;57;
355;-26;59;
354;-25;59;
354;-25;59;
355;-24;56;
355;-23;51;
355;-23;48;
354;-23;46;
354;-23;46;
354;-24;47;
354;-24;48;
355;-25;47;
355;-25;48;
354;-25;49;
353;-25;52;
353;-25;54;
353;-24;54;
353;-24;54;
353;-24;54;
353;-25;54;
353;-24;54;
353;-24;54;
353;-24;54;
354;-24;54;
354;-23;52;
354;-23;52;
354;-23;52;
354;-23;52;
354;-23;52;
354;-24;52;
355;-25;53;
355;-25;53;
355;-25;53;
355;-24;52;
354;-24;52;
353;-25;52;
353;-25;52;
353;-24;52;
353;-24;52;
353;-24;53;
352;-23;53;
352;-23;52;
353;-22;51;
353;-22;51;
352;-22;51;
352;-23;52;
353;-23;52;
353;-23;52;
353;-24;53;
353;-24;53;
354;-24;52;
354;-24;52;
354;-23;52;
353;-23;52;
352;-22;52;
352;-22;52;
352;-23;53;
352;-23;55;
353;-23;55;
353;-23;53;
353;-23;52;
354;-23;52;
354;-23;52;
354;-25;51;
354;-25;52;
354;-24;52;
354;-24;52;
354;-24;52;
354;-24;51;
354;-24;52;
354;-23;52;
354;-22;53;
354;-22;53;
354;-22;53;
354;-22;52;
355;-22;52;
355;-22;51;
355;-22;51;
355;-22;50;
355;-22;50;
355;-22;51;
354;-23;51;
354;-23;49;
354;-22;49;
353;-22;51;
353;-22;51;
353;-21;52;
352;-21;52;
352;-22;52;
353;-22;53;
353;-22;53;
353;-22;54;
353;-23;54;
353;-23;55;
353;-22;56;
353;-22;55;
353;-22;55;
353;-21;55;
354;-21;55;
354;-21;55;
354;-22;55;
354;-22;55;
354;-22;54;
353;-22;54;
353;-22;54;
353;-22;54;
353;-23;54;
352;-23;55;
352;-23;56;
353;-23;56;
353;-23;57;
354;-23;56;
354;-23;56;
354;-23;55;
354;-23;55;
354;-23;54;
354;-23;54;
354;-23;54;
355;-23;54;
355;-24;54;
355;-24;55;
355;-25;55;
354;-25;56;
354;-25;56;
354;-26;56;
354;-26;56;
354;-25;56;
354;-25;53;
355;-25;49;
355;-23;49;
354;-23;49;
353;-24;51;
353;-25;54;
354;-25;55;
354;-25;55;
353;-24;55;
353;-23;54;
354;-23;52;
354;-23;50;
353;-23;50;
353;-23;50;
354;-24;50;
354;-24;50;
355;-24;49;
355;-24;49;
355;-23;50;
354;-23;52;
354;-22;54;
354;-22;55;
354;-23;55;
354;-23;54;
355;-23;54;
355;-23;54;
354;-23;56;
354;-23;56;
354;-23;53;
353;-22;52;
353;-22;52;
353;-23;51;
353;-23;50;
353;-23;50;
354;-24;50;
354;-25;51;
354;-25;51;
354;-26;51;
354;-26;51;
354;-26;49;
354;-26;49;
354;-26;50;
354;-26;51;
354;-26;51;
354;-26;52;
353;-26;52;
353;-25;51;
353;-24;50;
353;-24;49;
353;-24;49;
353;-24;49;
352;-24;51;
352;-24;51;
353;-24;52;
354;-24;52;
354;-24;52;
354;-25;52;
354;-25;54;
354;-24;54;
354;-24;53;
354;-23;53;
355;-22;51;
355;-22;51;
355;-22;50;
356;-23;50;
356;-23;50;
355;-23;50;
355;-23;48;
356;-23;47;
356;-23;47;
356;-23;46;
355;-23;46;
354;-24;46;
354;-24;47;
355;-24;49;
355;-25;50;
355;-26;50;
354;-26;50;
353;-25;51;
353;-25;51;
354;-25;50;
354;-24;48;
354;-24;48;
354;-23;48;
354;-23;47;
354;-23;47;
354;-23;47;
354;-23;48;
354;-23;49;
354;-23;49;
353;-23;49;
353;-23;49;
353;-23;50;
352;-23;50;
352;-23;50;
352;-23;49;
351;-24;49;
351;-24;52;
351;-23;52;
352;-23;52;
352;-23;52;
353;-23;51;
353;-23;50;
354;-23;50;
354;-23;50;
355;-23;50;
355;-24;48;
354;-24;48;
354;-23;48;
354;-23;47;
354;-23;47;
353;-23;46;
353;-23;46;
353;-23;46;
353;-23;48;
354;-23;48;
354;-23;49;
354;-22;49;
354;-22;51;
354;-22;51;
354;-22;49;
354;-22;49;
354;-23;48;
354;-23;49;
354;-23;48;
354;-23;48;
354;-23;48;
354;-23;46;
354;-23;46;
354;-23;46;
354;-24;48;
354;-24;49;
354;-24;49;
354;-24;47;
354;-23;46;
353;-22;45;
352;-22;45;
352;-22;49;
353;-24;51;
353;-24;52;
353;-24;53;
353;-24;53;
354;-23;50;
355;-22;45;
355;-21;42;
354;-21;42;
354;-21;42;
354;-22;42;
354;-24;46;
354;-24;48;
355;-24;50;
355;-23;50;
354;-23;49;
354;-22;49;
354;-22;49;
354;-22;51;
355;-21;51;
355;-21;50;
355;-22;50;
354;-22;51;
354;-22;51;
353;-21;50;
353;-21;49;
353;-21;49;
353;-21;48;
353;-21;46;
353;-21;46;
352;-21;48;
352;-22;48;
352;-22;48;
352;-22;48;
352;-22;50;
352;-23;50;
352;-23;50;
353;-24;50;
353;-25;51;
353;-25;51;
354;-25;54;
354;-25;54;
354;-24;51;
355;-23;51;
355;-22;51;
356;-21;51;
356;-21;50;
357;-21;50;
357;-21;50;
357;-21;50;
357;-21;50;
357;-21;49;
357;-21;48;
357;-21;48;
357;-21;48;
356;-22;47;
355;-23;47;
355;-23;47;
355;-24;48;
355;-24;49;
354;-24;49;
353;-24;49;
353;-24;47;
354;-24;46;
354;-24;46;
354;-24;46;
354;-24;47;
354;-24;47;
354;-24;48;
354;-24;47;
354;-24;47;
354;-24;47;
354;-23;48;
354;-23;48;
354;-23;48;
354;-23;48;
354;-22;49;
354;-22;49;
354;-22;49;
354;-22;48;
354;-22;48;
354;-22;48;
355;-22;48;
355;-22;48;
356;-22;49;
356;-22;49;
356;-22;49;
356;-22;50;
356;-22;50;
356;-22;50;
355;-22;50;
355;-22;50;
355;-22;50;
355;-22;51;
355;-22;51;
355;-22;50;
355;-21;49;
355;-21;48;
356;-22;48;
356;-22;48;
355;-23;48;
355;-23;48;
354;-23;48;
354;-23;48;
353;-23;48;
353;-22;45;
353;-22;45;
353;-22;45;
354;-22;47;
354;-22;47;
353;-22;47;
353;-22;47;
353;-22;47;
353;-21;46;
354;-20;46;
354;-20;47;
354;-21;48;
354;-21;50;
354;-21;51;
354;-21;51;
354;-21;51;
354;-21;51;
354;-21;52;
354;-21;52;
354;-21;50;
354;-21;49;
354;-22;47;
355;-22;46;
355;-21;46;
355;-21;48;
355;-23;51;
355;-23;53;
355;-23;54;
354;-22;54;
353;-22;54;
353;-21;51;
354;-20;49;
354;-19;47;
354;-19;45;
354;-19;43;
354;-20;43;
354;-22;45;
354;-22;45;
354;-22;44;
354;-22;44;
354;-22;47;
354;-22;47;
354;-22;49;
354;-22;51;
354;-22;51;
353;-22;51;
353;-22;50;
353;-22;50;
352;-22;51;
352;-22;51;
352;-21;50;
352;-21;50;
353;-21;50;
354;-21;50;
355;-21;50;
356;-21;50;
356;-21;50;
356;-22;51;
356;-22;51;
356;-22;51;
356;-22;52;
356;-22;52;
356;-23;52;
355;-23;52;
355;-23;52;
355;-22;52;
355;-22;52;
355;-22;50;
355;-22;50;
355;-22;49;
355;-21;49;
354;-21;48;
353;-21;48;
353;-21;49;
353;-21;50;
353;-21;50;
353;-20;51;
353;-20;51;
353;-20;51;
353;-19;51;
353;-19;51;
353;-20;51;
353;-20;52;
353;-21;52;
352;-21;52;
352;-21;51;
353;-21;50;
353;-22;50;
353;-22;50;
353;-22;51;
353;-22;51;
352;-22;51;
352;-22;51;
353;-22;51;
353;-22;53;
353;-22;53;
353;-22;52;
353;-22;52;
354;-22;54;
355;-22;54;
355;-22;53;
355;-21;53;
355;-21;53;
354;-21;53;
353;-21;53;
353;-21;53;
353;-21;51;
353;-21;51;
353;-21;51;
353;-21;51;
353;-21;51;
353;-21;52;
353;-23;52;
353;-23;52;
353;-23;52;
352;-23;53;
352;-23;53;
352;-23;53;
353;-23;52;
353;-23;52;
353;-22;52;
353;-22;52;
352;-22;52;
351;-22;54;
350;-22;55;
350;-22;55;
350;-22;57;
350;-21;58;
351;-21;58;
353;-21;56;
354;-21;56;
356;-21;57;
356;-22;57;
355;-22;55;
352;-22;53;
350;-23;53;
349;-24;53;
347;-24;53;
346;-25;53;
344;-27;57;
344;-27;59;
344;-25;63;
345;-24;66;
345;-23;68;
346;-22;68;
346;-21;69;
344;-20;69;
342;-18;68;
342;-18;66;
342;-17;62;
341;-15;59;
341;-15;58;
341;-16;56;
344;-17;53;
345;-18;51;
345;-18;50;
345;-19;50;
345;-20;50;
345;-23;53;
346;-24;60;
347;-24;68;
349;-25;73;
350;-25;78;
351;-25;79;
352;-25;82;
356;-25;84;
360;-27;84;
362;-32;86;
366;-34;88;
367;-36;89;
368;-43;90;
377;-46;90;
378;-48;84;
378;-51;84;
372;-51;88;
368;-50;88;
363;-49;91;
358;-47;96;
352;-45;103;
346;-41;103;
341;-36;97;
337;-28;79;
332;-20;60;
325;-14;45;
318;-14;27;
312;1;18;
303;1;18;
294;-12;35;
284;-12;52;
275;-12;57;
265;-10;57;
253;-7;57;
249;-5;55;
248;-5;47;
248;-4;35;
242;-4;18;
231;10;7;
217;4;3;
200;10;3;
188;-18;3;
182;-18;6;
169;-19;-25;
154;-33;-25;
128;-44;-25;
101;-57;-25;
82;-71;22;
69;-76;22;
69;-76;52;
70;-64;79;
77;-47;103;
88;-47;120;
102;33;123;
116;33;123;
119;44;107;
119;59;72;
119;81;72;
121;89;-75;
137;89;-75;
155;59;-86;
186;29;-86;
245;29;-68;
305;-79;-68;
368;-79;107;
449;-117;107;
545;-141;155;
647;-141;175;
721;-141;175;
793;-125;171;
830;-125;138;
830;-125;98;
799;-85;95;
799;-85;95;
801;-95;152;
815;-128;224;
849;-161;285;
849;-161;324;
848;-132;324;
839;-104;314;
839;-62;268;
839;-36;209;
839;-23;158;
837;-23;108;
831;-36;68;
820;-50;34;
792;-65;34;
745;-68;-25;
697;-68;-24;
642;-61;-24;
590;-58;-24;
544;-57;-30;
489;-47;-49;
428;-32;-88;
377;-31;-139;
328;-31;-164;
283;-31;-164;
233;-23;-126;
196;-23;-79;
156;55;-43;
120;55;-21;
88;99;-21;
48;131;-29;
48;146;-45;
-34;149;-64;
-34;149;-81;
-49;141;-98;
-49;124;-98;
-49;109;-84;
-49;81;-77;
-48;34;-77;
-38;29;-80;
-38;29;-80;
82;66;-59;
82;79;-38;
154;79;-38;
242;70;-26;
331;70;-105;
405;69;-105;
478;69;-221;
571;67;-332;
656;65;-353;
701;65;-353;
701;-59;-248;
706;-34;-116;
720;-59;-116;
879;84;23;
1016;74;23;
1016;74;37;
946;56;37;
812;56;58;
722;86;-100;
677;86;-100;
677;86;-133;
682;-94;-134;
724;-94;-139;
725;-118;-139;
725;-118;-118;
684;-96;-96;
631;-57;-96;
572;-57;-98;
506;21;-109;
429;21;-122;
352;21;-122;
277;16;-96;
199;4;-52;
134;4;-22;
92;43;-22;
62;88;-32;
62;88;-32;
-90;41;-32;
-90;24;-5;
-143;24;-73;
-204;47;-73;
-254;47;-126;
-254;25;-126;
-192;21;-110;
-115;21;-110;
-115;21;148;
122;13;148;
122;12;180;
192;9;180;
248;12;118;
299;-49;51;
363;-32;51;
435;-49;47;
488;43;66;
509;43;-221;
557;75;-221;
627;104;-385;
694;104;-507;
772;86;-507;
854;86;-499;
932;-205;-447;
985;-205;-430;
1064;-284;-401;
1064;-284;-339;
985;-268;-273;
859;-221;-233;
714;-168;-216;
574;-111;-209;
453;-53;-183;
379;-53;-146;
356;26;-146;
332;22;-164;
297;26;-168;
268;-68;-168;
235;-44;-128;
186;-44;-83;
137;-18;-42;
105;-18;-8;
82;78;-8;
61;78;-40;
38;127;-98;
38;140;-168;
-31;140;-194;
-31;115;-194;
-69;91;-154;
-107;70;-125;
-133;70;-109;
-133;82;-98;
-124;100;-77;
-96;113;-77;
-56;124;118;
-56;134;118;
20;148;157;
20;148;168;
30;140;168;
61;133;162;
99;127;162;
145;126;-171;
222;117;-162;
318;98;-162;
395;79;-162;
491;79;-203;
623;79;-483;
721;108;-735;
804;-157;-735;
946;-157;-498;
1119;-200;-190;
1299;-200;-67;
1370;-200;-67;
1370;21;-142;
1208;21;-142;
1027;70;-142;
863;138;74;
760;180;58;
694;180;58;
636;151;58;
572;131;-14;
502;118;-14;
432;103;-15;
364;76;-15;
322;44;-18;
309;19;46;
284;19;28;
251;-12;46;
208;-12;-43;
155;-37;-43;
87;-55;-89;
87;-57;-146;
-110;-72;-185;
-110;-96;-208;
-162;-102;-235;
-199;-112;-236;
-230;-130;-236;
-258;-149;-171;
-274;-149;-87;
-274;-138;-87;
-250;-103;115;
-217;-103;115;
-166;62;149;
-113;62;149;
-65;105;138;
-65;135;114;
41;135;91;
41;118;91;
72;105;-99;
93;90;-99;
122;62;-209;
179;62;-209;
242;-105;-217;
306;-105;122;
360;-126;122;
450;-126;162;
596;-111;162;
772;-111;113;
988;161;113;
1297;137;-172;
1621;137;-172;
1677;90;-291;
1677;90;-291;
1459;-83;-236;
1239;-83;-203;
1035;-123;-187;
864;-139;-155;
730;-139;-97;
613;-127;-97;
511;-67;27;
438;-67;23;
391;69;27;
369;69;11;
338;69;23;
279;58;23;
207;33;23;
130;27;38;
60;18;-133;
60;24;-133;
-77;24;-211;
-77;42;-268;
-128;57;-283;
-177;63;-283;
-224;63;-249;
-261;46;-200;
-292;43;-142;
-292;41;-142;
-277;43;37;
-242;50;37;
-182;74;55;
-125;97;76;
-83;113;108;
-83;115;120;
49;124;120;
49;150;120;
107;167;-177;
172;195;-177;
243;195;-342;
285;183;-342;
320;109;-338;
391;109;-250;
485;-75;-250;
608;-55;-94;
754;-55;-220;
887;-55;-220;
1059;45;-220;
1241;45;-220;
1372;99;-220;
1372;146;-220;
1298;211;-156;
1120;211;-156;
895;186;128;
754;152;125;
659;120;128;
587;76;146;
537;76;211;
474;-44;251;
384;-44;251;
296;-64;162;
228;-84;162;
166;-122;-57;
120;-176;-54;
77;-209;-54;
55;-209;-44;
45;-193;-44;
28;-164;28;
28;-125;28;
-42;-76;-78;
-42;-35;-78;
-72;-31;-146;
-99;-31;-146;
-132;-54;-129;
-161;-84;-116;
-161;-102;-116;
-148;-113;-134;
-118;-113;-156;
-83;-100;-216;
-83;-96;-281;
57;-75;-281;
57;-36;-223;
115;-36;-210;
237;-45;-197;
434;-45;-123;
655;-45;-123;
870;128;-24;
1078;128;-79;
1282;192;-79;
1486;214;-249;
1486;214;-344;
1344;188;-344;
1083;176;-344;
883;137;284;
714;116;284;
578;116;284;
440;159;279;
308;184;254;
210;184;203;
140;176;203;
114;148;-115;
104;87;-115;
100;87;-192;
80;-57;-223;
80;-57;-225;
-57;-63;-246;
-57;-63;-272;
-57;-52;-272;
-43;-52;-238;
-43;90;-172;
35;90;-87;
35;142;-29;
56;195;-29;
89;242;-54;
138;267;-88;
201;267;-128;
277;241;-146;
372;200;-146;
474;140;-112;
592;68;-109;
748;68;-109;
896;105;-136;
1031;142;-182;
1173;199;-219;
1286;277;-219;
1286;277;-189;
1087;258;-170;
799;240;-123;
560;240;-108;
351;148;-108;
197;148;-114;
84;-179;-114;
84;-179;-104;
-16;-251;-85;
-16;-290;-59;
35;-290;-59;
35;-271;57;
39;-208;57;
43;-140;57;
46;-86;59;
49;-38;-66;
61;-11;-66;
71;-11;-146;
98;-34;-240;
117;-75;-265;
125;-101;-276;
146;-136;-278;
203;-182;-278;
307;-192;-238;
441;-192;-118;
536;-181;-43;
596;-134;-43;
695;-134;-121;
840;76;-189;
930;76;-231;
930;111;-234;
874;157;-234;
739;159;-137;
581;177;-137;
452;211;75;
353;257;75;
274;308;75;
189;361;57;
189;372;57;
-64;372;-20;
-64;320;-17;
-87;253;-20;
-87;198;-37;
-54;150;-89;
-54;108;-161;
65;74;-230;
65;50;-273;
94;34;-281;
118;21;-281;
150;21;-265;
192;-5;-257;
237;-5;-251;
291;23;-234;
346;23;-218;
402;43;-218;
453;68;-272;
498;87;-358;
563;87;-358;
666;87;-341;
779;124;-225;
868;211;-129;
922;324;-79;
922;393;-65;
911;411;-65;
849;428;52;
798;428;52;
735;379;52;
659;291;51;
594;233;51;
536;216;-96;
498;187;-96;
458;149;-122;
421;105;-122;
394;56;-73;
364;21;-73;
345;3;-79;
339;3;-125;
339;-10;-192;
345;-10;-282;
346;8;-395;
356;8;-433;
378;-46;-433;
403;-46;-304;
423;-46;-304;
444;-57;134;
459;111;108;
459;111;108;
446;210;108;
397;253;-197;
355;253;-197;
326;248;-238;
301;210;-238;
275;172;-237;
251;155;-216;
219;132;-197;
189;106;-184;
166;88;-178;
152;71;-178;
150;56;-188;
150;39;-201;
168;21;-208;
203;17;-208;
248;16;-189;
303;9;-163;
368;9;-163;
437;33;-171;
493;49;-207;
535;51;-236;
570;69;-236;
606;80;-230;
626;80;-203;
633;75;-179;
633;72;-163;
617;64;-156;
606;43;-156;
606;28;-161;
609;24;-189;
615;24;-230;
615;29;-271;
618;33;-286;
626;46;-286;
626;65;-273;
613;94;-273;
596;125;-273;
570;149;-271;
552;153;-253;
532;153;-219;
510;120;-180;
483;78;-153;
446;78;-139;
413;72;-130;
376;72;-111;
330;72;-68;
271;90;-68;
214;114;72;
167;159;48;
109;224;72;
109;246;-89;
-21;246;-89;
-13;240;-89;
-13;184;-95;
-13;124;-95;
22;97;-112;
22;71;-139;
33;71;-180;
39;75;-225;
42;75;-225;
45;65;-197;
56;56;-123;
62;46;-53;
62;46;-11;
66;46;-11;
66;50;60;
70;45;60;
92;50;60;
165;-34;65;
265;-15;-206;
369;-34;-206;
452;-31;-422;
518;-83;-594;
580;-83;-615;
636;-152;-615;
674;-213;-434;
674;-213;-201;
685;-171;-201;
717;-171;-35;
961;232;-92;
1069;222;-92;
1069;222;-98;
929;166;-98;
766;166;-98;
642;-54;-110;
606;-54;-149;
606;-91;-149;
606;-95;-145;
597;-95;-117;
520;-70;-117;
424;-34;-122;
340;-34;-122;
274;-6;-103;
218;-32;-103;
167;-32;52;
112;-68;30;
63;-68;52;
63;-68;-105;
-49;1;-104;
-49;1;-104;
-65;-27;-68;
-78;-27;-68;
-93;-30;-73;
-113;-36;-115;
-138;-38;-162;
-158;-38;-182;
-164;-24;-182;
-164;-24;-128;
-128;46;-128;
-71;46;134;
-71;67;134;
134;93;186;
134;120;186;
199;120;157;
265;111;81;
334;111;18;
418;-48;18;
503;-48;26;
555;-48;30;
581;-54;-414;
648;69;-414;
759;45;-644;
828;69;-644;
889;-266;-494;
1066;-266;-257;
1412;-266;-138;
1412;-232;-138;
1290;-150;-202;
1039;-104;-233;
814;-68;-233;
648;-43;-184;
540;-43;-127;
476;-49;-84;
414;-81;-67;
365;-84;-67;
328;-84;-102;
291;-83;-146;
245;-83;-170;
197;-92;-175;
139;-92;-175;
91;-83;-170;
62;-63;-170;
32;-45;-188;
32;-45;-204;
-31;63;-204;
-31;63;-197;
-32;91;-167;
-32;109;-119;
-20;129;-61;
-16;148;-61;
-16;158;5;
22;177;4;
15;204;5;
14;219;12;
14;232;33;
14;234;61;
14;234;82;
18;213;100;
-16;175;107;
-13;125;107;
-16;72;94;
91;25;94;
91;25;-182;
163;-43;-182;
249;-43;-182;
340;-102;-143;
430;-131;-143;
507;-131;-183;
589;-130;-317;
697;-130;-452;
785;-183;-452;
846;-183;-316;
1020;-180;-153;
1508;-29;-131;
1666;-29;-119;
1666;40;-77;
1310;29;-77;
1014;29;140;
864;22;140;
782;22;140;
707;34;123;
635;35;114;
566;55;113;
487;68;111;
406;68;94;
321;55;48;
247;55;48;
197;-70;-14;
165;-70;-14;
142;-111;-27;
110;-142;-34;
65;-171;-35;
65;-176;-46;
-60;-176;-87;
-60;-136;-155;
-89;-91;-227;
-121;-84;-273;
-146;-80;-273;
-162;-70;-242;
-178;-70;-194;
-188;-67;-126;
-188;-61;-126;
-176;-39;67;
-157;-39;67;
-132;56;100;
-100;56;125;
-71;76;142;
-43;87;142;
-43;87;130;
31;75;100;
31;49;69;
64;28;69;
102;28;-111;
132;-22;-111;
175;-22;-215;
232;-31;-215;
291;-83;-163;
350;-134;-90;
406;-176;-90;
485;-209;72;
610;-209;61;
770;-181;72;
950;-103;-86;
1137;-103;-86;
1299;37;-177;
1442;37;-257;
1442;-45;-257;
1271;-45;-135;
1094;-77;-135;
948;-84;65;
820;-84;65;
734;-61;95;
677;-61;117;
632;40;139;
589;40;167;
546;48;178;
511;63;178;
479;63;161;
431;47;151;
369;33;149;
309;28;125;
272;28;125;
248;29;-121;
217;35;-121;
166;50;-192;
166;-31;-192;
-170;-31;-188;
-170;-40;-162;
-272;-40;-162;
-352;-47;-170;
-404;3;-197;
-429;3;-197;
-429;9;-161;
-291;9;-114;
-189;6;-69;
-138;6;-34;
-104;-5;-34;
-74;-5;-44;
-74;38;-71;
61;38;-110;
61;90;-208;
128;129;-282;
217;129;-295;
329;127;-295;
432;108;-201;
591;49;-201;
740;49;20;
863;98;20;
938;145;-59;
1024;167;-59;
1099;211;-100;
1227;277;-155;
1341;354;-156;
1341;354;-156;
1322;337;-156;
1107;276;103;
922;268;88;
767;217;88;
626;161;71;
504;106;66;
406;52;66;
319;33;-134;
223;33;-134;
151;-134;-219;
110;-134;-219;
95;-221;-163;
95;-289;-80;
112;-323;-80;
144;-323;77;
166;-279;72;
166;-205;72;
142;-132;72;
106;-87;-18;
84;-54;-18;
63;-25;29;
63;-25;29;
-38;8;29;
-38;5;30;
-52;8;-44;
-58;-27;-44;
-70;-27;-54;
-70;-37;-54;
-67;-56;-54;
-57;-78;-57;
-39;-78;-88;
-39;-73;-167;
144;-63;-268;
144;-54;-268;
231;-14;-221;
330;-14;-176;
435;-57;-151;
552;-87;-112;
668;-94;-63;
776;-110;-9;
984;-110;-9;
1248;-125;-127;
1412;104;-331;
1412;72;-377;
1261;104;-377;
994;-29;-228;
805;-29;-228;
670;42;214;
603;42;214;
560;89;256;
511;131;256;
458;172;216;
399;196;163;
353;196;120;
323;189;88;
305;172;66;
297;135;51;
295;87;39;
295;42;39;
311;14;-44;
337;14;-44;
358;-16;-75;
365;-12;-107;
365;-12;-140;
340;-9;-165;
303;-6;-172;
266;-4;-172;
233;-4;-155;
202;20;-125;
170;20;-91;
139;36;-61;
113;51;-41;
93;60;-25;
77;69;-15;
63;79;-15;
53;88;4;
47;92;3;
46;93;4;
46;98;-40;
69;114;-40;
108;138;-73;
160;152;-112;
227;157;-159;
305;159;-202;
388;159;-236;
474;152;-236;
559;146;-228;
644;146;-193;
735;151;-142;
818;182;-142;
895;231;-205;
989;231;-342;
989;215;-401;
980;119;-401;
911;14;-278;
855;14;-206;
783;59;-162;
695;126;-110;
574;192;-68;
482;216;-40;
431;225;-21;
382;225;-6;
354;221;-6;
336;178;-12;
336;133;-24;
336;94;-43;
340;61;-72;
344;61;-108;
357;-21;-140;
357;-21;-166;
350;-63;-185;
322;-108;-185;
289;-135;-172;
262;-160;-143;
230;-164;-103;
228;-164;-74;
228;-144;-54;
245;-91;-43;
255;-80;-41;
255;-46;-30;
253;-46;-19;
252;12;-12;
250;12;-9;
249;29;-9;
246;43;-12;
244;49;-16;
241;50;-22;
239;50;-24;
237;49;-24;
237;46;-24;
240;38;-26;
248;27;-36;
261;14;-51;
284;7;-63;
312;7;-73;
341;-14;-74;
361;-14;-74;
373;-15;-71;
373;-15;-63;
370;-15;-49;
361;-10;-30;
348;-10;-30;
339;20;13;
333;20;13;
333;22;13;
336;22;10;
343;22;10;
350;21;-14;
357;18;-14;
367;14;-29;
376;9;-43;
386;9;-55;
395;-16;-64;
398;-16;-69;
403;-16;-74;
410;-18;-76;
411;-24;-76;
413;-36;-69;
416;-42;-59;
420;-44;-53;
420;-44;-43;
420;-44;-36;
418;-39;-32;
417;-31;-32;
415;-16;-32;
409;-12;-32;
406;-12;-23;
397;-12;-18;
385;-13;-13;
375;-27;-12;
357;-36;-12;
341;-62;-17;
322;-73;-19;
316;-73;-19;
307;-51;-19;
300;-42;-17;
293;-38;-13;
293;-30;-13;
299;-22;10;
312;-15;10;
326;-12;16;
338;-12;18;
351;-18;18;
361;-25;18;
368;-33;-15;
371;-38;-15;
371;-43;-21;
371;-46;-22;
369;-47;-22;
368;-47;-22;
367;-41;-22;
366;-33;-22;
363;-29;-22;
360;-26;-19;
355;-25;-11;
353;-25;-5;
350;-25;-2;
343;-25;-2;
337;-24;-3;
332;-20;-8;
329;-17;-11;
327;-14;-11;
325;-12;-11;
325;-11;3;
327;-9;3;
330;-6;3;
338;-5;1;
343;-5;1;
346;-10;9;
350;-17;13;
353;-24;13;
357;-27;12;
361;-27;8;
362;-25;8;
363;-22;8;
364;-18;13;
364;-11;19;
370;-11;24;
371;0;30;
373;0;35;
377;1;40;
382;2;40;
383;-14;40;
383;-14;35;
381;-18;27;
377;-21;15;
372;-26;15;
366;-33;-23;
361;-38;-23;
353;-40;-25;
343;-41;-25;
332;-47;-21;
327;-57;-13;
323;-62;-6;
318;-64;-6;
312;-66;1;
306;-66;1;
306;-62;1;
308;-56;3;
313;-51;7;
319;-44;8;
319;-37;8;
319;-33;8;
321;-29;8;
327;-23;5;
331;-19;1;
334;-19;1;
339;-18;1;
342;-18;2;
343;-17;5;
345;-17;9;
346;-15;13;
346;-11;14;
344;-7;18;
344;-7;20;
345;8;20;
347;8;12;
348;15;12;
351;20;-9;
356;23;-9;
361;23;-9;
363;22;-9;
370;21;17;
375;20;17;
378;19;24;
383;19;30;
386;19;34;
388;19;34;
388;19;32;
389;19;32;
389;18;36;
387;17;38;
384;15;39;
382;13;43;
377;9;43;
373;7;43;
373;6;43;
373;5;42;
367;0;39;
363;0;37;
362;1;37;
358;3;40;
353;-5;46;
346;-5;50;
341;-5;50;
336;-5;49;
332;-6;48;
326;-6;47;
323;-6;46;
323;-5;45;
327;-4;45;
329;-4;45;
335;-3;44;
344;-3;42;
350;0;42;
355;0;42;
361;-2;45;
367;-2;45;
372;-2;47;
375;-3;49;
379;-4;49;
383;-5;50;
387;-7;50;
388;-8;52;
388;-12;53;
384;-16;54;
381;-17;54;
376;-17;53;
370;-17;50;
364;-19;44;
358;-19;42;
352;-19;40;
345;-20;40;
339;-20;40;
334;-20;42;
332;-19;43;
331;-17;46;
331;-17;48;
331;-16;49;
332;-16;50;
334;-17;50;
336;-18;53;
339;-19;54;
343;-20;54;
347;-23;54;
349;-25;54;
351;-25;53;
355;-24;50;
355;-24;49;
355;-24;49;
355;-19;49;
355;-16;50;
353;-16;51;
351;-15;54;
349;-14;55;
349;-14;55;
350;-13;57;
351;-12;59;
352;-11;60;
354;-10;61;
354;-9;63;
354;-8;63;
353;-7;61;
353;-7;61;
351;-5;60;
351;-5;60;
351;-5;57;
351;-5;55;
352;-3;53;
354;-2;50;
354;-2;49;
354;-4;49;
354;-7;51;
353;-9;53;
352;-10;55;
351;-12;57;
351;-14;58;
352;-15;58;
354;-15;58;
354;-15;57;
355;-15;56;
355;-14;54;
354;-14;51;
354;-14;51;
355;-16;51;
355;-17;52;
355;-17;53;
354;-18;53;
354;-19;51;
352;-19;48;
352;-19;45;
352;-19;44;
352;-20;44;
353;-20;47;
354;-20;47;
354;-20;47;
355;-21;47;
356;-22;47;
360;-23;50;
360;-24;50;
359;-24;49;
358;-23;46;
358;-22;41;
357;-22;37;
355;-22;34;
355;-22;34;
358;-23;38;
359;-23;42;
359;-21;44;
357;-19;44;
356;-18;44;
355;-16;45;
355;-16;47;
353;-15;47;
352;-15;47;
352;-15;45;
352;-16;45;
353;-17;44;
353;-19;44;
353;-19;44;
352;-20;44;
352;-20;44;
352;-18;42;
352;-17;37;
355;-17;35;
355;-17;35;
353;-17;38;
353;-18;42;
353;-20;46;
352;-20;49;
352;-20;52;
352;-20;52;
354;-19;52;
355;-19;51;
355;-18;49;
357;-18;48;
357;-19;48;
357;-20;48;
357;-20;46;
357;-20;46;
357;-20;46;
356;-20;46;
356;-18;45;
356;-15;40;
356;-15;38;
356;-15;38;
356;-15;38;
356;-15;41;
356;-15;44;
356;-15;49;
356;-16;50;
356;-16;50;
355;-17;50;
355;-17;51;
354;-17;51;
354;-16;50;
353;-15;47;
353;-14;45;
353;-14;43;
353;-14;43;
353;-16;43;
353;-16;42;
353;-17;42;
353;-19;41;
354;-19;41;
355;-19;41;
357;-19;41;
357;-19;39;
357;-18;39;
355;-17;37;
355;-16;37;
355;-16;37;
355;-17;38;
355;-18;40;
354;-19;40;
354;-19;39;
354;-19;39;
354;-18;40;
355;-17;40;
356;-16;39;
356;-15;39;
356;-14;42;
355;-13;42;
355;-13;42;
355;-13;41;
355;-14;39;
355;-14;39;
355;-16;41;
356;-16;43;
356;-15;43;
356;-14;41;
355;-11;37;
353;-11;35;
353;-11;34;
355;-11;33;
355;-12;32;
355;-13;32;
357;-13;30;
359;-12;28;
361;-12;28;
361;-13;28;
362;-14;30;
362;-14;34;
360;-15;36;
359;-15;38;
359;-15;41;
357;-14;44;
356;-14;44;
356;-10;41;
356;-10;39;
357;-9;39;
357;-8;38;
357;-7;38;
355;-7;38;
355;-7;36;
355;-5;34;
355;-5;33;
354;-5;31;
354;-5;31;
354;-6;33;
354;-7;33;
355;-8;33;
355;-9;32;
356;-9;33;
357;-9;33;
357;-10;34;
357;-11;34;
357;-11;32;
357;-11;32;
358;-11;33;
358;-13;34;
358;-13;34;
358;-14;32;
357;-15;32;
357;-15;33;
358;-15;34;
358;-15;35;
358;-16;36;
358;-16;36;
358;-16;36;
357;-16;36;
357;-16;35;
357;-15;34;
357;-14;34;
357;-14;34;
357;-13;36;
357;-13;36;
356;-13;36;
356;-13;36;
356;-13;37;
356;-12;37;
357;-12;37;
358;-12;36;
358;-12;34;
358;-12;34;
359;-12;33;
359;-11;31;
359;-11;31;
359;-10;31;
360;-9;31;
360;-7;30;
358;-6;30;
357;-6;30;
357;-6;30;
357;-6;29;
357;-5;29;
357;-5;31;
357;-6;35;
358;-8;36;
358;-8;36;
357;-9;36;
357;-9;33;
357;-8;33;
357;-8;33;
356;-8;32;
355;-9;31;
354;-11;31;
354;-12;31;
356;-12;30;
357;-13;30;
358;-13;32;
358;-13;35;
358;-13;37;
356;-13;38;
356;-12;38;
357;-11;38;
358;-11;36;
359;-12;36;
359;-13;37;
359;-13;37;
359;-13;35;
357;-13;33;
357;-13;31;
356;-13;31;
356;-14;32;
356;-16;34;
355;-18;38;
355;-19;40;
355;-19;40;
355;-18;40;
355;-18;38;
356;-16;35;
356;-14;32;
356;-13;32;
355;-13;31;
355;-13;31;
355;-14;32;
354;-16;33;
354;-16;35;
354;-17;38;
355;-18;39;
355;-19;41;
355;-20;41;
355;-20;40;
355;-20;40;
355;-20;39;
354;-20;38;
354;-19;37;
354;-19;37;
355;-19;38;
355;-19;38;
355;-18;37;
355;-18;37;
356;-19;37;
357;-19;37;
357;-19;39;
357;-19;41;
357;-19;42;
357;-19;44;
356;-19;44;
356;-16;42;
356;-16;42;
356;-15;41;
356;-15;42;
357;-15;41;
358;-15;42;
358;-15;42;
357;-15;42;
356;-15;42;
356;-14;42;
356;-14;42;
356;-14;41;
355;-13;40;
355;-13;40;
355;-14;41;
355;-14;41;
353;-14;40;
353;-13;40;
353;-12;40;
352;-11;40;
351;-10;41;
351;-10;40;
353;-10;40;
353;-10;40;
354;-10;40;
354;-10;40;
353;-11;40;
353;-11;38;
354;-12;38;
354;-12;37;
354;-13;37;
353;-14;37;
353;-14;38;
353;-14;38;
353;-13;37;
354;-12;35;
354;-12;35;
354;-12;36;
356;-13;41;
356;-13;46;
354;-13;48;
352;-13;48;
352;-11;48;
353;-11;43;
354;-11;40;
355;-11;37;
356;-13;37;
357;-14;39;
358;-14;39;
358;-13;39;
358;-12;39;
358;-9;39;
357;-9;39;
356;-14;41;
355;-14;43;
355;-17;46;
355;-20;48;
354;-20;50;
354;-19;50;
352;-18;49;
352;-17;46;
352;-14;44;
351;-12;43;
351;-12;43;
352;-11;40;
352;-11;40;
352;-11;41;
353;-12;43;
353;-13;44;
354;-14;44;
355;-14;41;
357;-14;40;
357;-14;40;
357;-15;41;
357;-16;42;
357;-16;43;
357;-16;43;
357;-15;44;
357;-14;44;
357;-14;44;
358;-13;43;
358;-12;41;
359;-12;39;
359;-12;38;
358;-12;38;
358;-12;42;
357;-12;43;
357;-11;43;
357;-11;44;
356;-11;44;
355;-10;44;
354;-10;43;
354;-10;43;
354;-9;43;
354;-9;44;
353;-9;44;
353;-9;45;
353;-10;45;
354;-11;42;
355;-11;40;
356;-10;39;
356;-10;39;
356;-11;40;
356;-11;40;
355;-11;40;
356;-11;40;
356;-10;40;
356;-10;40;
356;-10;42;
356;-11;42;
356;-11;40;
357;-9;39;
357;-9;39;
355;-11;39;
355;-12;40;
355;-12;40;
355;-14;41;
355;-15;42;
354;-15;43;
354;-16;44;
354;-16;45;
353;-16;45;
353;-16;43;
353;-14;38;
355;-14;35;
355;-14;35;
356;-16;37;
358;-17;40;
358;-18;40;
357;-18;40;
355;-17;39;
354;-17;38;
354;-17;35;
356;-16;32;
356;-16;32;
357;-17;32;
357;-17;36;
357;-17;39;
357;-16;39;
356;-15;40;
356;-13;40;
355;-12;41;
354;-11;42;
353;-11;45;
352;-11;46;
352;-10;46;
352;-10;46;
353;-10;45;
354;-11;42;
355;-12;42;
356;-12;39;
357;-12;36;
357;-12;34;
357;-13;34;
356;-13;35;
353;-13;36;
351;-14;38;
349;-14;42;
347;-13;42;
344;-12;42;
342;-11;42;
342;-11;43;
342;-11;44;
344;-11;47;
348;-12;49;
352;-12;49;
357;-13;49;
363;-15;48;
368;-16;48;
372;-17;48;
375;-17;50;
376;-16;53;
376;-16;56;
374;-16;59;
369;-15;63;
363;-14;66;
358;-12;69;
354;-11;70;
351;-9;70;
351;-7;67;
351;-6;64;
352;-6;59;
355;-6;54;
359;-6;47;
363;-9;39;
366;-11;34;
369;-14;30;
370;-16;26;
370;-18;23;
368;-20;19;
365;-22;17;
363;-24;16;
361;-24;16;
359;-23;16;
356;-21;16;
354;-18;19;
352;-15;22;
348;-12;26;
347;-10;28;
345;-7;30;
344;-4;31;
343;-4;31;
342;0;31;
342;0;29;
343;0;29;
345;-3;29;
347;-3;31;
349;-6;32;
350;-9;33;
353;-10;33;
356;-10;28;
358;-10;21;
361;-10;14;
363;-12;14;
365;-15;15;
368;-18;20;
368;-19;20;
366;-19;18;
363;-17;18;
361;-14;16;
360;-10;9;
357;-8;4;
355;-8;4;
354;-10;7;
353;-12;12;
351;-12;15;
349;-9;16;
346;-7;17;
344;-6;19;
344;-4;19;
344;-2;20;
344;-2;23;
345;-2;23;
348;-3;23;
352;-4;23;
355;-6;22;
358;-8;20;
360;-11;20;
362;-12;20;
364;-13;20;
366;-13;22;
366;-13;22;
365;-12;19;
365;-12;19;
365;-11;19;
362;-11;22;
360;-11;25;
357;-9;30;
355;-7;33;
353;-6;35;
349;-3;35;
345;-3;36;
342;-1;36;
339;-2;36;
337;-2;36;
337;-3;37;
337;-3;37;
339;-3;37;
341;-3;38;
344;-3;38;
347;-1;42;
350;-1;46;
354;1;50;
356;1;53;
357;2;55;
357;2;56;
354;2;56;
347;-5;51;
339;-5;47;
327;-10;46;
315;-13;45;
303;-14;44;
286;-14;40;
273;-14;35;
270;-14;30;
269;13;29;
269;10;29;
269;10;32;
270;5;45;
273;5;56;
273;-13;63;
269;-13;63;
262;-26;70;
252;-40;89;
229;-50;97;
209;-50;97;
182;-29;69;
146;-20;38;
125;-20;38;
102;-20;-18;
83;-20;-18;
72;-20;-37;
66;-32;-37;
57;-42;-26;
47;-42;-26;
35;-31;16;
25;-31;13;
25;24;16;
-8;24;-27;
-3;48;-27;
-8;59;-37;
45;59;-37;
45;43;-28;
84;32;-28;
128;25;43;
188;25;43;
267;-36;78;
352;-36;103;
446;-46;103;
549;-53;100;
657;-53;89;
753;-51;80;
829;-51;63;
879;-58;63;
886;-74;66;
886;-74;103;
846;-75;168;
792;-93;246;
743;-111;325;
698;-119;381;
672;-119;406;
672;-116;406;
717;-98;388;
777;-72;346;
826;-47;295;
865;-30;237;
894;-30;185;
894;-34;147;
890;-53;115;
878;-73;94;
851;-94;94;
812;-94;101;
771;-92;123;
738;-83;149;
713;-80;149;
690;-65;139;
666;-47;105;
611;-44;78;
526;-43;63;
461;-40;39;
412;-35;39;
358;-32;-43;
299;-32;-43;
237;43;-90;
178;43;-160;
128;60;-160;
93;70;-103;
74;88;-103;
57;102;-33;
25;102;-94;
25;98;-94;
4;91;-145;
16;78;-156;
16;52;-156;
32;25;-130;
53;25;-105;
74;8;-90;
74;37;-90;
72;37;-91;
63;94;-91;
63;163;-66;
74;196;-66;
101;198;4;
143;198;4;
201;193;-104;
263;156;-104;
323;121;-182;
387;72;-222;
440;72;-222;
477;-46;-183;
497;-46;-107;
598;243;-74;
831;243;-69;
1007;280;-69;
1007;280;-69;
966;266;54;
847;232;27;
773;189;54;
747;129;-77;
747;129;-77;
747;-73;-101;
734;-73;-106;
706;-73;-135;
679;-80;-183;
606;-64;-206;
536;-57;-216;
474;-40;-216;
421;-40;-192;
383;8;-150;
345;8;-150;
304;10;160;
263;10;160;
207;83;160;
153;83;131;
115;152;68;
105;152;67;
104;139;65;
86;86;65;
44;56;-111;
44;37;-111;
-43;37;-144;
-43;-50;-144;
-43;-50;-112;
-21;-75;-112;
-21;-96;81;
93;-106;81;
93;-106;81;
150;-79;95;
227;-79;-44;
349;108;-44;
494;108;-67;
614;165;-169;
689;211;-394;
735;211;-597;
735;174;-597;
703;174;-543;
645;-116;-356;
640;-116;-194;
640;-224;-194;
709;-224;-253;
752;-189;-354;
785;-123;-354;
786;-69;-346;
786;-69;-314;
725;-90;-266;
614;33;-262;
547;33;-241;
463;-154;-226;
425;-115;-190;
413;-93;-190;
365;-93;-243;
348;-93;-287;
314;-70;-287;
273;-22;-277;
240;-16;-216;
211;-22;-115;
181;48;-115;
146;48;144;
110;108;100;
64;216;144;
64;267;-149;
-29;267;-149;
-29;242;-193;
-47;206;-193;
-87;103;-185;
-101;103;-185;
-101;-4;-201;
-88;-4;-202;
-71;58;-202;
-43;58;-202;
-43;90;180;
55;153;180;
55;158;264;
81;175;284;
138;177;284;
221;180;219;
324;194;219;
451;194;-151;
600;165;-139;
733;111;-151;
834;73;-204;
888;52;-462;
888;52;-778;
834;-64;-778;
730;-64;-686;
665;-64;-286;
665;-104;-39;
852;312;-39;
852;312;-30;
782;378;-27;
668;378;-27;
617;280;-36;
598;183;-47;
590;109;-67;
565;44;-86;
527;44;-86;
482;-18;-76;
431;-18;-76;
372;-18;59;
292;-12;59;
209;-6;92;
137;-6;92;
84;17;102;
52;10;-117;
52;17;-117;
-26;-70;-181;
-26;-70;-225;
-40;-161;-225;
-69;-238;-186;
-111;-264;-186;
-149;-292;-202;
-156;-292;-202;
-156;-265;-185;
-146;-263;-110;
-124;-222;-110;
-90;-155;42;
-62;-77;42;
-62;-77;59;
65;75;77;
65;75;107;
121;112;107;
169;138;117;
216;138;-189;
278;124;-189;
374;77;-189;
445;53;-168;
498;53;-145;
584;-39;-136;
659;-39;-136;
742;-39;-212;
882;-29;-212;
1077;-29;-188;
1387;-70;-188;
1397;-70;-199;
1397;-19;-199;
1189;-19;-120;
1038;-37;-43;
923;-52;-8;
857;60;-8;
786;52;-8;
678;60;-18;
578;75;-36;
495;96;-106;
418;120;-106;
353;134;-172;
289;134;-172;
211;78;-117;
133;78;-117;
83;-53;175;
55;-53;175;
35;-53;175;
35;-56;144;
-26;57;144;
-26;57;-213;
-65;91;-213;
-132;107;-261;
-191;107;-261;
-235;99;-234;
-263;80;-209;
-263;59;-173;
-250;40;-122;
-222;27;-63;
-178;27;-63;
-152;55;14;
-124;64;10;
-101;65;10;
-78;96;-15;
-78;109;-15;
42;118;-38;
42;126;-65;
66;128;-79;
98;128;-108;
140;119;-146;
198;111;-146;
285;111;-132;
359;108;-132;
450;82;-132;
631;82;-134;
878;153;-127;
1090;199;-327;
1254;199;-327;
1353;149;-327;
1395;134;-268;
1395;59;-155;
1204;21;-110;
941;20;-110;
770;21;121;
652;49;106;
583;72;106;
534;72;106;
488;69;123;
449;60;149;
382;60;149;
298;-84;84;
237;-84;84;
186;-126;-75;
127;-145;-75;
66;-169;-98;
66;-175;-98;
-31;-175;-63;
-31;-174;-27;
-38;-142;-27;
-49;-106;26;
-69;-64;19;
-87;-64;19;
-87;13;7;
-67;13;7;
-42;13;-50;
-42;14;-50;
11;-28;-106;
11;-28;-173;
20;-54;-263;
52;-87;-302;
104;-87;-302;
166;-89;-286;
237;-95;-253;
376;-163;-136;
528;-163;-97;
680;-137;-97;
923;-91;-172;
1238;-91;-212;
1387;48;-361;
1387;48;-367;
1387;85;-367;
1252;130;-367;
955;130;280;
798;124;280;
689;124;280;
624;221;278;
537;304;246;
438;304;246;
374;259;242;
354;217;231;
349;177;162;
336;129;162;
311;93;-195;
284;60;-195;
233;60;-275;
151;-92;-310;
151;-92;-310;
-72;-129;-276;
-72;-129;-198;
-114;-112;-96;
-119;-112;-96;
-119;64;100;
-101;64;100;
-77;134;108;
-49;185;108;
-49;213;108;
72;213;-108;
72;202;-108;
86;164;-222;
129;116;-291;
198;116;-316;
273;-167;-316;
370;-167;-174;
472;-167;-174;
551;-156;-15;
622;-156;-45;
718;161;-26;
865;161;-45;
1009;324;-60;
1181;437;-180;
1315;446;-186;
1315;446;-186;
1183;397;-186;
896;291;116;
707;212;114;
524;127;116;
395;127;-136;
330;-81;-136;
286;-81;-139;
244;-129;-140;
216;-147;-183;
204;-165;-249;
203;-183;-261;
203;-187;-261;
197;-187;-170;
172;-164;-65;
157;-114;-65;
157;-114;-11;
161;32;-37;
161;32;-37;
155;52;-58;
155;74;-88;
164;96;-115;
220;124;-121;
296;124;-132;
347;114;-183;
398;86;-238;
453;86;-238;
494;-53;-199;
507;-53;-150;
507;-56;-142;
489;71;-142;
467;71;-142;
465;105;-137;
463;105;-118;
439;99;-107;
410;91;-104;
387;81;-102;
364;79;-87;
342;74;-64;
318;46;-48;
289;23;-48;
259;13;-49;
236;9;-64;
199;8;-80;
161;7;-98;
127;3;-111;
111;1;-122;
111;3;-122;
114;-7;-119;
114;-7;-119;
105;32;-130;
89;32;-153;
78;37;-158;
71;37;-158;
71;39;-143;
83;40;-130;
102;40;-114;
134;40;-89;
190;-5;-51;
264;-5;-33;
322;-12;-33;
409;15;-50;
471;15;-78;
531;31;-112;
629;80;-147;
735;82;-147;
826;82;-129;
882;82;-78;
882;91;-33;
877;120;-33;
877;146;61;
893;164;61;
901;178;103;
909;187;136;
920;193;142;
925;193;142;
925;190;118;
919;184;88;
909;183;58;
883;175;30;
833;161;30;
781;146;-48;
733;132;-48;
682;114;-62;
630;92;-62;
591;77;-55;
556;68;-48;
513;58;-38;
463;43;-38;
419;43;-51;
375;45;-64;
328;49;-70;
289;55;-70;
266;61;-67;
248;66;-54;
234;66;-33;
220;66;-33;
197;70;-1;
169;86;-65;
138;87;-65;
110;87;-147;
86;54;-210;
64;54;-233;
64;-96;-233;
-43;-96;-233;
-43;-116;-229;
-67;-116;-216;
-82;-109;-185;
-85;-94;-145;
-85;-61;-127;
-71;-61;-127;
-71;26;-156;
53;26;-191;
53;59;-202;
111;101;-202;
183;125;-164;
259;125;-137;
320;120;-137;
373;113;-164;
444;110;-192;
560;82;-192;
721;61;-181;
906;61;-133;
1032;61;-118;
1032;47;-69;
1015;92;-57;
948;82;-56;
870;82;-57;
798;57;-82;
740;33;-125;
701;33;-166;
654;-30;-201;
616;-25;-252;
592;-25;-306;
585;-19;-313;
581;-19;-313;
565;11;-268;
551;11;-229;
547;37;-214;
545;66;-214;
522;66;-235;
470;61;-239;
403;61;-239;
343;81;-195;
292;92;-162;
241;109;-140;
192;129;-107;
140;133;-76;
97;146;-61;
64;160;-61;
33;160;-69;
33;160;-70;
-19;135;-70;
-19;93;-65;
-28;45;-65;
-37;45;-65;
-52;-35;-91;
-53;-35;-127;
-53;-35;-139;
-41;-36;-139;
-41;34;-132;
38;34;-114;
38;46;-114;
38;48;110;
31;53;110;
31;53;110;
12;73;48;
84;73;3;
84;80;3;
191;-60;3;
303;-60;10;
408;-69;-162;
493;-69;-162;
571;-31;-333;
628;-30;-487;
640;-30;-487;
640;-79;-447;
574;-131;-447;
487;-133;85;
487;217;34;
707;217;85;
906;270;-88;
1063;270;-56;
1063;189;-56;
1059;189;-44;
989;-70;-44;
917;-68;-94;
861;-68;-170;
813;-48;-241;
742;-23;-263;
652;-8;-263;
573;-8;-222;
501;-8;-169;
428;-17;-111;
363;-21;-70;
291;-24;-60;
207;-30;-43;
116;-30;-43;
116;-42;-45;
-126;1;-91;
-126;1;-98;
-171;-7;-98;
-191;-7;-79;
-191;-20;-79;
-186;-28;-90;
-179;-29;-112;
-154;-30;-136;
-118;-41;-136;
-89;-60;-93;
-67;-74;-93;
-47;-74;42;
-47;-57;42;
130;-27;45;
130;-27;45;
194;78;63;
259;68;-85;
334;68;-66;
408;44;-85;
475;44;13;
555;23;13;
584;59;-368;
616;59;-368;
721;59;-436;
779;67;-436;
824;-208;-273;
917;-208;-135;
1062;-208;-135;
1107;-208;-195;
1107;-177;-254;
984;-173;-298;
881;-173;-298;
810;-185;-253;
729;-185;-195;
640;-184;-146;
579;-163;-124;
544;-153;-124;
524;-140;-130;
487;-88;-130;
436;-73;-122;
373;-59;-122;
314;-39;-127;
260;-20;-144;
215;-9;-144;
174;-9;-138;
138;19;-106;
105;19;-80;
71;32;-77;
71;48;-77;
-35;73;-117;
-35;99;-167;
-57;99;-202;
-69;90;-202;
-82;85;-176;
-98;85;-135;
-109;93;-95;
-118;103;-65;
-118;113;-44;
-112;122;-44;
-93;134;60;
-73;147;60;
-51;149;81;
-51;149;95;
35;143;97;
35;134;97;
62;111;86;
79;90;86;
100;80;-147;
130;65;-147;
167;65;-173;
199;-145;-173;
245;-145;-173;
333;-207;-174;
420;-251;-220;
512;-263;-289;
634;-263;-289;
770;-234;-262;
939;-176;-183;
1157;-176;-183;
1349;117;-206;
1421;117;-206;
1421;117;-180;
1213;87;-180;
960;73;125;
790;47;123;
685;47;125;
631;-40;135;
604;-40;135;
567;-42;128;
522;-42;72;
477;-42;72;
443;-48;-45;
419;-66;-35;
404;-77;-45;
386;-86;83;
354;-86;83;
314;-84;145;
264;-61;174;
212;-61;174;
160;38;120;
111;38;120;
73;39;-88;
73;52;-88;
-58;-58;-90;
-58;-58;-90;
-116;-112;-82;
-169;-149;-82;
-212;-162;-109;
-255;-162;-143;
-269;-159;-148;
-269;-137;-148;
-236;-103;-109;
-191;-72;-65;
-146;-44;-65;
-97;-18;45;
-52;-18;40;
-52;12;40;
130;12;40;
130;12;-131;
194;21;-131;
262;-39;-176;
330;-39;-186;
380;-52;-186;
436;-95;-185;
529;-149;-102;
668;-187;-102;
913;-187;-33;
1291;-173;-301;
1579;-89;-301;
1579;-89;-389;
1440;-174;-389;
1123;-223;-389;
923;-223;93;
839;-179;93;
785;-179;147;
746;65;173;
717;65;179;
702;115;187;
689;133;206;
656;133;213;
598;119;213;
529;100;184;
458;74;149;
396;41;117;
350;22;77;
316;17;77;
275;13;-90;
230;13;-90;
181;-26;-125;
125;-26;-125;
66;-27;-96;
66;-27;-60;
-95;-27;-35;
-95;83;-17;
-134;83;-17;
-173;110;-20;
-211;124;-55;
-236;124;-88;
-236;112;-88;
-223;81;-84;
-183;40;-77;
-134;15;-77;
-89;15;-93;
-56;-41;-113;
-47;-41;-117;
-44;-52;-117;
-44;-57;-111;
53;-57;-104;
53;-57;-81;
70;72;-44;
89;72;-15;
104;103;-15;
118;127;38;
136;147;38;
151;185;52;
170;227;-53;
198;231;-53;
248;231;-98;
274;166;-99;
313;166;-146;
416;-107;166;
536;-47;85;
625;-107;166;
842;48;-149;
1162;48;-149;
1399;13;-331;
1483;21;-331;
1579;21;-320;
1597;80;-221;
1597;306;-183;
1355;371;-183;
1085;371;171;
879;267;124;
663;166;124;
463;104;124;
315;104;-145;
217;-55;-145;
121;-55;-145;
90;-80;-123;
90;-127;-81;
109;-179;-42;
148;-200;-42;
192;-228;92;
248;-241;92;
335;-241;166;
413;-204;202;
457;-189;202;
490;-148;148;
490;-92;87;
469;-41;38;
419;-24;14;
370;-24;14;
320;23;31;
273;23;31;
225;38;27;
181;45;27;
143;45;-72;
99;42;-72;
52;26;-98;
52;26;-117;
-36;-14;-134;
-34;-14;-141;
-34;-16;-141;
-34;-20;-128;
125;-31;-103;
125;-41;-72;
222;-53;-72;
344;-69;29;
488;-75;15;
653;-78;29;
821;-79;-106;
941;-104;-106;
974;-111;-146;
974;-111;-184;
845;-93;-193;
748;-63;-193;
652;-41;-151;
581;-41;-78;
531;10;-78;
497;10;96;
477;23;96;
475;46;118;
475;70;127;
480;81;127;
494;83;125;
518;84;113;
543;84;93;
543;73;66;
541;59;66;
514;44;-50;
480;28;-50;
449;28;-76;
425;-17;-90;
399;-17;-90;
368;-23;-87;
335;-26;-82;
302;-26;-80;
272;-26;-79;
248;-25;-76;
230;-25;-70;
212;-26;-63;
197;-26;-59;
193;-26;-59;
190;-24;-59;
190;-24;-58;
194;-24;-55;
198;-24;-55;
204;-22;-56;
208;-22;-62;
211;-25;-70;
211;-33;-73;
208;-43;-75;
206;-52;-81;
205;-58;-89;
204;-62;-100;
203;-63;-109;
203;-63;-115;
201;-62;-116;
200;-59;-116;
199;-56;-115;
199;-54;-111;
199;-54;-103;
200;-54;-96;
204;-56;-88;
215;-57;-85;
226;-62;-82;
238;-62;-76;
260;-63;-70;
289;-65;-55;
317;-74;-31;
346;-76;-31;
386;-76;23;
433;-60;23;
484;-45;23;
546;-29;25;
622;-29;30;
706;38;30;
771;38;31;
789;49;-44;
789;49;-44;
743;36;-56;
677;36;-56;
616;-15;-56;
569;-12;37;
520;-12;37;
477;-12;54;
441;18;54;
404;18;50;
371;22;41;
345;27;35;
326;27;35;
313;27;35;
306;25;36;
299;19;36;
299;19;37;
299;-13;39;
301;-13;44;
303;-20;50;
305;-31;56;
306;-38;63;
307;-41;63;
309;-41;63;
313;-35;53;
315;-26;45;
316;-21;43;
316;-21;42;
314;-22;43;
314;-22;42;
312;-23;38;
309;-23;27;
303;-24;16;
299;-24;9;
295;-27;6;
293;-33;6;
293;-38;11;
296;-38;20;
303;-35;29;
309;-26;36;
315;-26;41;
319;12;45;
325;12;51;
335;20;52;
345;25;53;
356;29;53;
366;33;53;
375;33;50;
384;32;47;
392;31;42;
396;27;37;
400;21;30;
400;15;22;
400;15;17;
396;-13;13;
396;-13;13;
397;-22;13;
400;-29;11;
401;-35;11;
401;-39;-26;
398;-45;-26;
383;-54;-40;
367;-62;-40;
351;-72;-29;
336;-80;-29;
317;-80;44;
295;-71;44;
273;-55;63;
254;-37;66;
238;-37;66;
226;27;56;
226;25;44;
230;25;34;
243;19;28;
260;19;27;
281;-18;26;
303;-18;26;
322;-31;25;
344;-44;20;
369;-57;13;
395;-69;8;
413;-77;8;
430;-86;-21;
440;-89;-21;
446;-89;-33;
446;-89;-42;
443;-88;-42;
431;-85;-34;
418;-84;-34;
406;-80;29;
393;-73;29;
377;-70;48;
373;-60;62;
366;-52;73;
360;-44;77;
352;-39;77;
347;-33;72;
343;-29;65;
342;-29;57;
342;-29;50;
343;-31;46;
343;-33;39;
343;-33;29;
340;-34;18;
332;-35;10;
325;-45;8;
324;-45;6;
321;-45;6;
317;-45;5;
317;-45;5;
318;-45;5;
319;-46;5;
320;-48;9;
334;-49;9;
343;-48;12;
362;-49;-13;
362;-52;-13;
364;-68;-13;
368;-68;12;
384;-68;12;
393;-68;12;
400;-63;4;
404;-53;3;
407;-42;3;
409;-32;6;
412;-23;8;
412;-14;9;
410;-5;13;
405;-5;18;
397;9;23;
385;9;31;
370;15;33;
354;16;33;
338;16;35;
322;16;38;
307;13;38;
295;7;38;
287;7;35;
282;-7;27;
282;-7;20;
285;-13;17;
290;-18;11;
298;-25;6;
308;-30;6;
318;-33;3;
327;-35;3;
334;-37;4;
342;-38;6;
352;-39;8;
362;-39;9;
371;-39;10;
377;-40;10;
384;-40;10;
389;-40;10;
392;-38;10;
393;-36;11;
393;-35;14;
392;-33;18;
390;-32;22;
385;-29;24;
380;-26;27;
373;-24;28;
364;-23;29;
352;-19;29;
342;-15;29;
337;-9;27;
332;-7;25;
332;-7;25;
335;-7;28;
342;-4;30;
348;-3;31;
354;-3;32;
361;-5;34;
366;-6;34;
367;-5;34;
368;-6;33;
371;-6;34;
371;-8;36;
372;-8;36;
373;-8;35;
373;-10;31;
371;-12;26;
370;-15;26;
369;-16;31;
367;-17;34;
366;-18;34;
363;-18;30;
361;-16;25;
357;-15;19;
354;-15;17;
353;-17;17;
353;-20;20;
354;-20;20;
355;-17;18;
355;-15;18;
353;-12;18;
352;-11;20;
351;-11;24;
349;-11;29;
348;-12;30;
347;-13;31;
346;-16;33;
346;-16;33;
347;-15;32;
350;-14;32;
351;-14;32;
353;-14;32;
353;-15;30;
355;-15;29;
355;-14;27;
355;-11;26;
356;-11;26;
357;-12;27;
357;-13;30;
355;-15;32;
355;-15;34;
354;-15;35;
353;-15;35;
353;-14;33;
353;-14;33;
353;-14;33;
353;-14;32;
353;-13;31;
352;-13;29;
351;-13;28;
349;-11;28;
349;-11;28;
349;-11;32;
350;-11;33;
350;-10;35;
351;-10;36;
352;-10;36;
353;-10;36;
354;-10;36;
357;-10;35;
359;-12;35;
359;-12;35;
358;-13;36;
358;-13;37;
359;-13;37;
359;-13;37;
359;-13;37;
359;-15;37;
359;-16;37;
359;-17;36;
358;-18;34;
356;-20;34;
355;-22;34;
355;-22;34;
355;-21;34;
355;-21;36;
355;-21;36;
355;-20;37;
355;-20;37;
355;-20;41;
356;-21;42;
357;-21;43;
358;-19;42;
358;-19;39;
357;-19;35;
357;-19;35;
358;-21;39;
360;-21;45;
361;-21;45;
361;-19;42;
359;-18;37;
355;-18;37;
352;-20;37;
352;-23;43;
354;-25;50;
354;-25;50;
353;-25;50;
351;-26;49;
351;-26;46;
351;-24;46;
351;-24;46;
352;-23;46;
352;-22;45;
351;-22;44;
351;-22;41;
354;-22;40;
354;-22;38;
354;-22;38;
353;-25;41;
351;-29;41;
351;-32;41;
351;-33;42;
351;-33;42;
350;-28;41;
349;-24;40;
349;-24;40;
352;-23;40;
354;-20;40;
354;-20;40;
354;-23;41;
354;-26;44;
355;-27;46;
355;-27;46;
355;-27;45;
355;-22;44;
352;-22;40;
352;-26;38;
353;-27;38;
353;-27;38;
354;-26;39;
355;-25;40;
356;-22;45;
356;-21;47;
356;-19;50;
355;-19;51;
355;-19;52;
355;-20;52;
355;-23;56;
355;-23;59;
355;-23;60;
355;-23;60;
353;-23;60;
353;-24;60;
354;-25;61;
355;-25;61;
356;-23;59;
357;-22;55;
359;-22;51;
361;-22;47;
363;-22;46;
364;-23;46;
364;-27;46;
364;-30;45;
362;-32;40;
359;-32;37;
357;-33;37;
355;-35;38;
355;-35;40;
354;-34;43;
354;-34;43;
353;-30;40;
351;-27;39;
351;-27;39;
354;-27;44;
357;-27;53;
357;-23;57;
355;-21;58;
355;-17;58;
355;-14;54;
352;-14;54;
352;-16;61;
352;-17;67;
352;-17;70;
351;-16;70;
350;-16;69;
349;-16;69;
349;-17;72;
349;-17;73;
349;-15;73;
350;-15;71;
353;-14;67;
353;-14;64;
354;-17;62;
357;-17;62;
359;-13;62;
359;-13;63;
353;-15;65;
348;-16;68;
344;-17;71;
342;-18;72;
338;-20;72;
334;-21;69;
334;-24;67;
334;-26;67;
335;-26;67;
335;-28;71;
336;-29;72;
337;-29;74;
340;-29;74;
342;-29;74;
342;-29;73;
342;-31;72;
342;-31;72;
342;-32;72;
343;-32;73;
344;-32;76;
344;-30;78;
345;-28;79;
345;-26;80;
345;-24;82;
346;-22;82;
347;-22;82;
348;-23;82;
349;-23;83;
351;-24;83;
352;-25;83;
352;-26;80;
353;-27;79;
353;-27;78;
354;-27;74;
354;-27;74;
354;-27;73;
354;-25;72;
355;-25;71;
355;-25;70;
353;-24;70;
352;-24;70;
352;-25;70;
352;-25;70;
353;-25;69;
353;-25;69;
353;-25;68;
352;-25;66;
352;-25;66;
351;-27;67;
351;-27;71;
351;-27;71;
351;-24;65;
351;-23;58;
347;-23;56;
347;-25;56;
349;-26;63;
349;-26;65;
349;-25;65;
348;-23;61;
347;-20;57;
347;-20;57;
347;-22;58;
348;-24;62;
351;-25;63;
351;-25;63;
351;-25;60;
351;-25;60;
353;-25;60;
353;-24;62;
353;-22;63;
356;-21;63;
356;-21;62;
356;-21;61;
358;-21;61;
358;-22;61;
358;-23;60;
358;-23;60;
358;-23;57;
358;-23;56;
357;-24;56;
357;-24;54;
357;-26;54;
356;-27;54;
356;-27;54;
356;-27;54;
354;-27;52;
354;-26;50;
353;-26;47;
353;-25;46;
352;-25;43;
353;-25;41;
353;-26;41;
355;-26;41;
355;-26;39;
355;-24;39;
355;-21;38;
354;-18;36;
352;-17;35;
352;-16;35;
353;-16;33;
358;-20;33;
359;-28;33;
359;-32;32;
354;-36;31;
352;-36;27;
352;-31;19;
354;-23;17;
357;-16;16;
361;-15;16;
365;-15;19;
367;-12;27;
369;-12;33;
372;-15;38;
372;-17;41;
368;-20;41;
366;-23;42;
364;-25;42;
362;-30;40;
357;-30;30;
357;-37;25;
358;-39;16;
362;-37;14;
364;-37;13;
366;-35;13;
366;-31;14;
364;-29;16;
361;-26;20;
358;-23;25;
356;-20;25;
354;-14;20;
352;-14;7;
349;-18;7;
348;-21;13;
348;-22;24;
350;-22;25;
350;-22;25;
350;-20;19;
350;-19;13;
350;-17;13;
350;-17;16;
356;-18;20;
356;-18;21;
356;-17;21;
354;-14;21;
354;-14;22;
356;-18;24;
359;-18;24;
358;-18;24;
358;-19;24;
358;-21;23;
358;-19;20;
360;-20;16;
361;-18;12;
362;-13;11;
363;-10;11;
363;-10;11;
361;-12;15;
361;-12;18;
357;-14;23;
356;-16;24;
353;-19;25;
349;-21;25;
348;-21;25;
348;-19;25;
348;-18;22;
348;-17;22;
348;-17;22;
349;-15;22;
350;-15;23;
350;-14;24;
351;-15;26;
352;-15;26;
352;-17;26;
352;-18;24;
352;-18;24;
354;-18;25;
356;-18;27;
358;-18;27;
358;-20;24;
359;-20;24;
361;-22;23;
361;-23;23;
361;-23;25;
359;-25;26;
356;-26;28;
353;-26;29;
353;-23;29;
353;-21;29;
355;-19;29;
355;-18;32;
354;-17;32;
353;-17;32;
353;-17;31;
353;-19;31;
353;-21;31;
355;-21;31;
355;-22;30;
354;-22;30;
354;-22;30;
354;-22;30;
353;-22;30;
352;-20;32;
352;-17;38;
352;-17;45;
352;-16;55;
352;-16;67;
353;-14;79;
355;-14;79;
355;14;74;
346;14;60;
338;20;49;
337;24;34;
329;24;34;
316;24;-29;
308;21;-29;
291;21;-47;
270;-9;-47;
268;-9;-47;
264;-16;-34;
263;-26;-34;
263;-26;61;
263;-26;61;
270;15;85;
277;15;98;
282;17;98;
298;17;93;
316;17;93;
334;-28;103;
362;-28;112;
399;-48;114;
418;-48;116;
422;-48;117;
428;-47;135;
428;-45;135;
409;-32;135;
363;-17;98;
309;-10;47;
269;-10;47;
232;-13;-25;
193;-23;-25;
150;-34;-29;
111;-43;-39;
75;-43;-50;
43;-43;-58;
43;-38;-64;
-48;-33;-64;
-48;-33;-58;
-72;30;-45;
-89;30;-29;
-104;53;-16;
-123;70;-9;
-134;81;-9;
-134;87;18;
-114;95;18;
-87;98;29;
-87;98;36;
61;63;88;
61;36;151;
125;36;169;
207;-113;201;
317;-113;201;
479;-128;196;
672;-131;124;
893;-131;124;
1109;-133;-37;
1247;-135;-36;
1247;-174;-37;
1205;-218;170;
1126;-230;170;
1048;-230;229;
990;-203;238;
990;-176;251;
997;-153;264;
1017;-138;264;
1017;-110;230;
998;-71;189;
961;-47;159;
912;-43;143;
861;-42;131;
815;-32;112;
755;-19;70;
678;-19;70;
601;-19;-53;
528;-20;-53;
460;33;-86;
393;33;-123;
341;60;-148;
283;74;-166;
231;74;-166;
186;65;-135;
146;65;-86;
110;86;-47;
81;121;-35;
56;139;-27;
27;142;-27;
27;142;-31;
-14;132;-46;
-9;110;-65;
-14;83;-84;
45;57;-106;
45;29;-128;
73;29;-151;
91;-12;-151;
103;-10;-118;
112;-10;-70;
132;-37;-70;
163;-79;48;
193;-79;48;
230;-50;-224;
272;-50;-224;
325;25;-405;
389;18;-445;
455;25;-445;
509;-27;-293;
509;-27;-293;
518;104;138;
529;104;102;
607;197;102;
728;248;102;
793;248;-3;
803;190;-3;
803;91;-3;
791;30;-41;
777;30;-113;
770;-75;-132;
770;-75;-132;
780;-103;-84;
792;-103;-84;
792;-100;-95;
772;-74;-149;
727;-53;-202;
662;-41;-258;
585;-41;-295;
509;15;-295;
441;15;-287;
374;-33;-260;
294;-33;-203;
215;-63;-116;
134;-63;-116;
68;-81;101;
68;112;81;
19;112;101;
32;182;-57;
32;184;-48;
49;184;-48;
52;140;-40;
52;110;-40;
44;76;-53;
37;76;-53;
31;-95;-35;
20;-95;-35;
20;-95;47;
35;-108;47;
81;64;64;
158;64;86;
237;137;86;
357;186;108;
463;270;-548;
539;270;-548;
635;230;-576;
688;230;-576;
688;-67;-468;
633;-67;-338;
566;-67;-236;
536;-72;-236;
536;9;-268;
571;9;-346;
615;-53;-407;
650;-53;-407;
698;-91;-354;
781;-139;-277;
781;-179;-218;
763;-192;-218;
708;-201;-228;
653;-227;-273;
594;-227;-323;
544;-224;-333;
494;-224;-333;
441;-173;-294;
410;-153;-266;
373;-109;-254;
341;-61;-240;
310;-61;-201;
270;35;-144;
218;35;-144;
161;69;55;
98;104;51;
98;147;55;
-46;204;-114;
-46;204;-114;
-73;200;-151;
-80;175;-151;
-80;152;-122;
-80;144;-106;
-78;144;-103;
-78;139;-103;
-82;138;-101;
-84;116;-101;
-91;97;-104;
-91;64;-104;
-62;61;-104;
-62;61;53;
44;75;53;
44;87;53;
94;104;60;
157;121;-180;
246;121;-180;
379;107;-180;
491;107;-234;
555;-33;-125;
604;-33;-294;
663;67;-294;
790;45;-640;
959;67;-670;
1077;-130;-670;
1094;-110;-332;
1113;-130;-55;
1094;171;-52;
1022;167;-17;
854;167;-52;
717;150;96;
643;102;96;
633;61;96;
629;61;64;
595;-46;64;
536;-46;-75;
466;-71;-75;
393;-71;-93;
340;-59;-93;
292;-59;-66;
237;-58;-66;
191;-44;68;
148;-44;60;
111;11;60;
80;11;60;
55;11;-69;
30;9;-69;
30;9;-141;
-63;-62;-193;
-63;-62;-197;
-94;-98;-197;
-126;-129;-197;
-146;-146;-197;
-151;-146;-197;
-153;-136;-191;
-158;-105;-152;
-158;-60;-89;
-158;-60;-89;
-138;59;63;
-106;59;63;
-70;71;98;
-70;77;110;
37;77;110;
37;75;83;
65;75;83;
83;76;-173;
110;76;-173;
161;62;-173;
210;62;-168;
236;-76;-98;
295;-76;-98;
417;-116;26;
569;-116;26;
746;-95;-103;
949;-47;-85;
1179;-27;-85;
1371;-27;-85;
1383;-66;-129;
1383;-98;-132;
1219;-103;-132;
1085;-128;-77;
980;-185;-52;
877;-225;-46;
790;-225;-46;
715;-190;-65;
661;-154;-78;
623;-105;-79;
577;-105;-81;
523;39;-105;
459;30;-108;
390;39;-108;
315;-36;-108;
256;-36;119;
218;-36;119;
190;-28;163;
161;-28;163;
128;77;102;
91;77;102;
91;115;-112;
-65;157;-112;
-65;199;-204;
-131;199;-284;
-183;184;-286;
-215;135;-286;
-222;93;-223;
-222;60;-148;
-222;39;-88;
-215;35;-56;
-195;31;-56;
-143;29;27;
-94;29;27;
-94;48;32;
67;65;-143;
67;95;-143;
129;95;-241;
202;116;-255;
262;-122;-298;
313;-122;-298;
393;-215;-231;
466;-215;-161;
537;-170;-147;
667;-97;-136;
819;-97;-108;
979;150;-92;
1123;150;-90;
1216;229;-84;
1248;250;-67;
1248;250;-67;
1181;211;185;
996;124;185;
835;100;219;
723;86;219;
630;63;186;
565;45;168;
511;31;160;
435;31;158;
352;44;158;
288;44;-119;
244;44;-114;
209;-119;-114;
173;-119;-73;
142;-152;-39;
107;-157;-39;
67;-157;54;
33;-135;54;
33;-105;109;
-21;-105;109;
-16;43;62;
-21;43;62;
10;60;-41;
10;60;-41;
-22;40;-76;
-22;40;-119;
-46;-57;-151;
-57;-57;-156;
-70;-81;-156;
-86;-94;-128;
-88;-102;-111;
-88;-102;-111;
-88;-68;-204;
97;-37;-283;
97;-37;-283;
172;-4;-244;
252;-121;-172;
375;-121;-172;
545;-121;82;
722;-103;82;
950;-53;-141;
1172;-53;-141;
1373;58;-325;
1373;23;-373;
1236;58;-373;
1008;39;-373;
863;115;197;
723;115;197;
608;154;197;
518;178;157;
452;184;103;
405;184;103;
355;119;134;
300;59;164;
243;59;164;
184;-34;164;
145;-34;-89;
144;-68;-89;
139;-108;-108;
126;-132;-108;
100;-135;-97;
89;-145;-97;
89;-145;-106;
102;-126;-122;
119;-82;-136;
126;-38;-152;
126;-38;-152;
116;29;-142;
101;29;-124;
87;40;-88;
70;57;-46;
60;86;-46;
60;145;-53;
82;215;-134;
132;242;-212;
201;242;-236;
273;212;-289;
373;205;-289;
506;191;-273;
622;153;-273;
770;151;-340;
923;151;-340;
1067;166;-306;
1176;292;-260;
1234;421;-234;
1239;536;-204;
1239;536;-204;
1036;478;37;
913;422;37;
792;410;-177;
652;287;-177;
573;181;-208;
539;93;-208;
513;93;-167;
464;-67;-143;
419;-67;-132;
419;-67;-119;
456;-48;-96;
542;-42;-76;
612;-42;-54;
655;51;-35;
684;51;-21;
684;82;-21;
662;115;61;
599;144;61;
519;183;106;
438;228;106;
358;238;115;
289;238;-97;
228;188;-97;
176;116;-174;
136;116;-253;
105;-49;-319;
82;-49;-319;
63;-75;-309;
52;-88;-229;
41;-88;-120;
41;-74;-35;
-35;-74;-3;
-35;61;-3;
-54;58;-13;
-69;58;-43;
-72;44;-86;
-72;44;-117;
-72;-86;-128;
51;-86;-128;
51;-120;-121;
107;-146;-114;
166;-146;-114;
223;-152;-126;
276;-150;-127;
331;-150;-127;
425;-107;-91;
554;-107;-65;
666;69;-56;
753;69;-50;
832;135;-38;
832;176;-28;
830;193;-24;
769;197;-18;
719;205;-18;
690;211;16;
674;211;16;
654;204;16;
630;188;21;
611;188;-29;
611;200;-29;
620;218;-41;
637;233;-45;
651;241;-53;
666;241;-67;
687;232;-80;
691;207;-94;
691;167;-114;
673;151;-136;
673;151;-145;
673;166;-145;
673;179;-125;
658;195;-93;
638;205;-59;
614;206;-32;
578;206;-32;
524;196;-46;
458;187;-94;
393;184;-142;
341;145;-192;
292;126;-198;
259;119;-198;
226;110;-152;
187;110;-101;
141;117;-63;
98;117;-27;
62;116;-27;
34;106;-27;
34;106;-72;
-30;-75;-120;
-30;-75;-174;
-88;-117;-232;
-159;-160;-278;
-223;-197;-288;
-263;-209;-288;
-263;-209;-257;
-248;-183;-199;
-221;-160;-117;
-168;-158;-117;
-106;-148;198;
-106;-106;198;
86;-106;222;
86;69;222;
194;69;195;
335;80;134;
482;80;134;
613;90;-293;
714;-75;-293;
763;-75;-293;
763;-125;-233;
743;-125;-110;
743;-78;-110;
752;-78;80;
849;201;56;
942;201;80;
1029;247;-69;
1086;247;-49;
1086;240;-69;
1019;168;60;
944;114;60;
887;79;60;
830;79;60;
757;99;-162;
662;99;-162;
598;96;-213;
564;91;-244;
527;75;-244;
497;56;-212;
396;56;-131;
314;26;-131;
256;39;100;
220;39;95;
174;96;95;
122;142;65;
82;178;42;
51;178;28;
28;168;28;
28;130;-60;
-60;75;-60;
-60;75;-153;
-60;-98;-245;
-48;-98;-245;
-48;-135;-229;
-60;-135;-138;
-82;-107;-138;
-104;-43;83;
-104;-43;83;
-89;28;121;
-89;28;137;
79;44;137;
79;55;81;
154;56;81;
267;56;-41;
377;56;-30;
441;-57;-28;
483;-57;-28;
533;-57;-99;
620;-45;-242;
745;-45;-371;
853;-75;-372;
919;-151;-372;
919;-173;-297;
847;-173;-251;
835;-160;-243;
835;-114;-240;
791;-58;-240;
737;-58;-265;
703;30;-282;
680;30;-282;
651;-35;-251;
586;-35;-251;
489;-55;-265;
394;-62;-300;
326;-65;-300;
285;-78;-235;
241;-78;-130;
202;-79;-130;
164;75;84;
130;75;84;
102;135;84;
95;175;68;
95;211;68;
95;211;-102;
85;199;-102;
60;149;-124;
60;95;-124;
-46;40;-121;
-46;40;-96;
-55;14;-96;
-55;49;-115;
-55;49;-139;
-66;79;-139;
-77;79;-88;
-77;64;-88;
-76;43;88;
-57;40;70;
-57;40;63;
84;58;63;
84;58;-59;
222;74;-59;
390;-156;130;
567;-136;62;
750;-136;130;
943;-136;-801;
1188;-111;-801;
1333;-234;-926;
1333;-234;-926;
1018;-234;-450;
768;-270;-450;
768;319;106;
791;319;106;
791;319;144;
691;284;159;
592;284;159;
592;-24;158;
691;-19;158;
784;-19;-141;
809;-19;-141;
809;25;-185;
769;21;-185;
682;21;-178;
559;21;-141;
448;-12;-95;
376;-12;-48;
317;-20;-48;
248;-33;76;
172;-49;76;
98;-63;76;
98;-63;79;
-59;-58;-121;
-59;-45;-121;
-71;-45;-239;
-77;-55;-316;
-95;-108;-316;
-115;-166;-281;
-148;-184;-217;
-180;-184;-164;
-201;-160;-138;
-201;-128;-120;
-185;-111;-76;
-164;-81;-76;
-135;-49;74;
-103;-35;74;
-62;-35;96;
-62;17;105;
140;17;105;
140;37;105;
206;48;-108;
272;64;-96;
333;-45;-96;
373;-45;-56;
398;-88;-56;
444;-88;-84;
511;-88;-151;
612;-68;-223;
783;-68;-241;
989;-93;-241;
1149;-118;-181;
1301;-150;-132;
1301;-150;-112;
1175;-116;-100;
988;-74;-70;
850;-62;-70;
790;-60;62;
790;-45;52;
790;-17;34;
759;-17;34;
691;-17;-10;
611;-47;-10;
532;-48;-36;
455;-50;-68;
376;-56;-77;
302;-69;-77;
251;-70;-53;
223;-72;-53;
190;-72;89;
152;-72;89;
107;-67;116;
68;-48;116;
68;-28;87;
-32;-28;87;
-32;22;-136;
-51;22;-136;
-76;47;-198;
-110;51;-223;
-139;52;-223;
-149;58;-197;
-152;59;-168;
-152;62;-135;
-147;69;-107;
-139;84;-85;
-136;97;-63;
-132;109;-39;
-113;113;-39;
-84;129;58;
-45;147;58;
-45;169;58;
75;178;67;
75;178;-59;
123;164;-59;
180;114;-90;
243;114;-90;
307;-79;-77;
409;-79;-69;
572;-125;-69;
790;-125;-77;
1030;-111;-173;
1200;-83;-312;
1252;-80;-366;
1265;-58;-366;
1265;-58;-238;
1227;202;-238;
1178;202;169;
1066;278;169;
921;335;243;
784;335;266;
683;298;266;
618;201;252;
559;106;204;
507;106;134;
471;-63;65;
460;-63;65;
460;-107;-63;
482;-148;-63;
482;-186;-68;
471;-225;-68;
429;-253;-68;
375;-253;54;
328;-242;54;
313;-220;82;
282;-191;102;
250;-151;119;
213;-108;125;
158;-74;125;
101;-41;113;
101;-25;92;
-103;-14;63;
-103;-14;63;
-173;-37;-116;
-235;-75;-116;
-262;-99;-182;
-263;-110;-232;
-263;-127;-259;
-263;-127;-259;
-240;-108;-231;
-192;-106;-208;
-150;-105;-183;
-103;-99;-141;
-56;-95;-84;
-56;-91;-52;
83;-67;-52;
83;-67;-63;
122;57;-63;
138;57;-54;
150;90;-38;
159;148;-18;
196;186;-18;
249;186;42;
283;179;42;
303;153;-187;
327;153;-147;
430;-92;-187;
582;-92;109;
765;-158;109;
973;-158;-220;
1242;-106;-220;
1306;-106;-255;
1306;-126;-255;
1152;-133;-199;
999;-133;-140;
882;-101;-140;
745;-78;113;
609;-73;113;
538;-73;198;
478;24;232;
451;24;238;
448;25;244;
448;35;258;
450;57;258;
462;72;251;
488;74;239;
527;86;216;
533;86;177;
533;63;126;
519;32;71;
488;32;71;
452;-62;-78;
409;-62;-78;
362;-88;-104;
318;-104;-108;
276;-104;-108;
244;-104;-79;
217;-94;-79;
184;-74;75;
150;-46;75;
122;-46;115;
100;47;137;
82;47;137;
70;69;123;
70;78;104;
75;89;79;
88;92;56;
98;96;37;
100;103;37;
103;121;-57;
121;146;-57;
145;158;-80;
163;176;-81;
180;204;-85;
223;242;-103;
297;267;-136;
385;267;-136;
440;222;-136;
458;197;-171;
561;197;-250;
706;219;-305;
856;219;-323;
977;132;-390;
1015;132;-523;
1063;-79;-523;
1106;-59;-518;
1106;-79;-456;
1028;216;-390;
929;216;-252;
812;328;-252;
676;404;120;
538;404;78;
443;383;120;
382;244;-120;
382;131;-120;
391;131;-123;
414;-86;-123;
452;-81;-100;
498;-81;-100;
537;-63;-107;
560;-63;-137;
560;-73;-147;
558;-89;-147;
548;-105;-129;
517;-119;-101;
478;-119;-80;
431;-93;-70;
402;-86;-67;
370;-78;-67;
335;-61;-59;
305;-44;-54;
279;-28;-53;
251;-16;-52;
226;-16;-48;
207;21;-33;
192;21;-33;
182;32;21;
182;44;21;
195;59;29;
209;70;30;
224;76;30;
239;78;26;
250;78;26;
254;71;-32;
261;66;-32;
266;65;-47;
274;58;-56;
279;50;-56;
279;41;-53;
276;33;-50;
274;27;-47;
273;23;-45;
273;21;-45;
273;17;-50;
276;10;-55;
279;10;-61;
281;-6;-71;
281;-6;-84;
281;-12;-98;
281;-20;-100;
285;-25;-100;
285;-36;-92;
288;-45;-83;
290;-53;-68;
297;-53;-54;
306;-53;-45;
316;-44;-39;
328;-32;-26;
331;-32;-14;
331;-34;-14;
331;-38;9;
331;-38;9;
328;-41;10;
319;-41;12;
303;-46;12;
296;-46;23;
295;-24;23;
295;-18;19;
291;-17;12;
285;-13;5;
282;-7;5;
282;-7;-2;
296;-9;-2;
315;-10;-5;
328;-13;-11;
342;-19;-16;
361;-30;-16;
388;-41;-7;
415;-49;-7;
449;-53;-12;
480;-62;-33;
509;-66;-33;
536;-68;-57;
556;-73;-72;
565;-77;-79;
565;-81;-79;
550;-89;-77;
526;-89;-67;
497;-89;-49;
464;-83;-49;
430;-74;41;
396;-62;41;
367;-50;74;
340;-39;99;
316;-26;118;
293;-26;118;
276;12;118;
265;12;106;
257;14;91;
254;14;71;
254;10;52;
262;10;35;
274;-21;21;
291;-21;21;
311;-32;-3;
331;-42;-2;
348;-51;-3;
366;-56;1;
381;-62;1;
394;-71;1;
406;-74;-3;
406;-79;-3;
405;-83;-5;
398;-83;-7;
389;-83;-7;
378;-83;-7;
365;-83;15;
351;-82;15;
339;-78;21;
327;-73;25;
320;-66;26;
318;-62;30;
318;-60;34;
322;-56;37;
327;-51;37;
334;-46;38;
340;-40;37;
345;-35;36;
351;-34;36;
356;-34;36;
359;-38;36;
361;-41;36;
362;-46;36;
363;-50;36;
363;-53;35;
363;-53;35;
363;-53;35;
363;-51;35;
359;-50;33;
359;-47;33;
358;-40;34;
354;-40;38;
350;-38;43;
347;-38;43;
335;-37;35;
333;-39;30;
328;-40;30;
325;-47;31;
325;-52;33;
324;-52;35;
324;-52;35;
324;-51;33;
324;-50;33;
327;-50;33;
332;-50;32;
340;-49;32;
345;-49;34;
350;-49;34;
354;-52;33;
359;-56;33;
365;-56;35;
373;-58;37;
378;-59;38;
380;-59;40;
380;-53;41;
378;-51;41;
378;-45;40;
376;-40;37;
372;-38;34;
372;-34;33;
367;-31;33;
362;-28;40;
359;-25;49;
353;-22;53;
348;-16;54;
342;-13;57;
340;-8;61;
339;-5;67;
338;-5;73;
337;5;78;
337;5;81;
338;6;81;
343;8;79;
349;9;75;
354;9;71;
359;8;71;
359;8;71;
356;-8;73;
354;-8;73;
354;-14;73;
355;-17;72;
356;-18;70;
356;-21;67;
358;-22;65;
358;-24;65;
358;-27;66;
358;-28;68;
357;-28;68;
352;-27;67;
352;-27;64;
348;-27;63;
348;-27;63;
348;-23;63;
348;-22;65;
346;-22;67;
346;-22;67;
343;-23;68;
343;-24;68;
343;-25;67;
343;-27;67;
341;-28;72;
341;-30;78;
341;-31;79;
341;-31;79;
343;-27;73;
344;-25;65;
347;-25;65;
351;-29;71;
353;-31;71;
353;-31;71;
350;-31;70;
347;-33;67;
346;-34;67;
346;-37;69;
350;-37;70;
352;-35;70;
352;-33;65;
351;-32;65;
350;-32;66;
348;-33;69;
347;-34;74;
346;-34;74;
346;-31;72;
348;-30;67;
350;-28;62;
351;-28;58;
352;-29;58;
