356;25;14;
356;25;14;
356;25;13;
356;25;13;
357;25;14;
357;25;15;
357;25;18;
357;26;18;
357;26;16;
357;26;15;
357;26;15;
356;25;15;
356;24;17;
357;24;17;
357;25;16;
357;25;16;
357;25;15;
357;25;15;
357;25;15;
357;25;16;
356;15;34;
353;15;57;
350;-4;60;
349;-3;61;
349;-3;61;
351;-3;58;
355;-3;53;
359;-3;50;
361;-3;50;
361;-3;49;
361;-3;50;
361;-3;51;
360;-5;57;
358;-6;60;
356;-6;60;
350;-4;52;
350;-2;52;
350;-2;55;
350;-3;55;
350;-4;56;
350;-4;58;
354;-4;58;
354;-4;56;
356;-1;55;
356;-2;52;
356;-2;51;
356;-3;51;
356;-4;51;
358;-4;51;
359;-4;57;
359;-4;57;
356;-4;58;
356;-5;61;
354;-6;61;
353;-6;59;
353;-6;58;
347;3;57;
347;3;57;
352;-8;55;
353;-7;55;
355;-7;55;
356;-4;55;
356;-3;55;
356;-2;54;
357;-3;52;
356;-2;52;
356;-2;52;
356;-2;52;
356;-2;51;
356;-2;51;
355;-2;51;
354;-2;51;
353;-2;51;
353;-2;51;
354;-1;49;
354;-3;49;
354;-3;50;
354;-3;50;
354;-3;50;
354;-3;50;
354;-3;50;
355;-3;48;
356;-2;46;
356;-3;46;
356;-3;46;
356;-3;49;
356;-3;50;
356;-3;51;
356;-3;51;
356;-2;50;
356;-2;48;
355;-2;48;
355;-2;48;
355;-2;48;
355;-2;49;
355;-2;49;
354;-2;49;
354;-2;49;
355;-2;49;
356;-2;49;
356;0;48;
356;0;47;
356;0;46;
356;1;46;
356;-2;49;
356;-2;49;
355;-2;50;
355;-2;52;
354;-2;52;
354;-2;52;
355;-2;50;
355;-2;50;
355;-2;50;
355;-2;50;
355;-3;52;
355;-3;53;
355;-3;53;
356;-3;51;
356;-3;49;
356;-4;49;
356;-4;49;
355;-4;51;
355;-4;51;
355;-4;52;
354;-4;53;
354;-4;53;
354;-4;52;
354;-4;51;
354;-4;51;
355;-4;51;
355;-3;51;
355;-3;51;
355;-2;51;
355;-2;49;
355;-2;48;
356;-2;48;
357;-2;47;
357;-2;47;
356;-2;50;
356;-3;51;
354;-3;51;
354;-3;52;
353;-3;53;
353;-3;54;
352;-3;56;
352;-3;57;
352;-4;57;
353;-4;54;
354;-3;49;
354;-3;45;
355;-3;45;
355;-3;48;
356;-3;51;
357;-3;52;
357;-3;53;
356;-3;54;
356;-3;54;
356;-3;50;
356;-3;49;
355;-3;49;
353;-3;49;
353;-3;52;
353;-3;52;
354;-3;52;
355;-3;52;
356;-3;52;
356;-2;53;
356;-2;54;
356;-2;54;
356;-1;54;
356;-1;55;
356;-1;55;
355;-1;55;
355;-2;54;
355;-2;54;
354;-3;54;
354;-3;54;
354;-3;54;
354;-3;53;
354;-3;52;
354;-3;52;
355;-3;53;
355;-3;53;
355;-3;53;
355;-3;54;
355;-3;55;
354;-3;55;
354;-3;56;
354;-3;57;
353;-3;58;
353;-3;58;
353;-3;58;
353;-2;58;
354;-2;54;
355;-1;52;
356;-1;51;
356;-1;50;
356;-1;50;
356;-1;50;
355;-1;52;
355;-1;53;
355;-1;53;
355;0;53;
356;0;53;
356;-1;53;
356;-1;53;
356;0;54;
356;0;54;
356;-1;55;
355;-1;56;
355;-2;56;
355;-2;56;
353;-2;56;
353;-2;56;
353;-2;56;
354;-3;55;
355;-3;53;
355;-3;52;
356;-3;52;
356;-3;52;
357;-2;51;
357;-2;51;
357;-2;51;
356;-1;53;
355;-1;55;
354;-1;55;
354;-2;55;
354;-1;56;
354;-1;57;
353;-1;57;
353;-1;57;
354;-2;56;
354;-2;55;
354;-2;55;
354;-2;54;
355;-2;54;
355;-2;54;
356;-2;54;
356;-3;54;
356;-3;55;
356;-3;55;
356;-3;55;
355;-4;57;
354;-4;58;
354;-3;59;
353;-3;59;
353;-3;59;
354;-3;57;
354;-2;55;
354;-2;54;
354;-1;54;
354;-1;54;
354;-2;55;
354;-2;55;
354;-2;55;
354;-3;55;
354;-3;55;
353;-3;52;
351;-7;52;
351;-7;57;
357;-6;60;
357;-3;60;
354;-3;58;
354;-2;57;
354;-2;57;
355;-3;57;
356;-3;57;
356;-3;56;
355;-2;57;
355;-2;57;
354;-2;58;
354;-3;58;
355;-3;58;
356;-3;55;
356;-3;50;
356;-3;49;
355;-3;49;
355;-3;51;
353;-4;58;
355;-4;59;
355;-4;61;
355;-3;63;
355;-3;63;
354;-3;60;
354;-3;55;
354;-4;53;
354;-3;53;
355;-3;53;
355;-3;53;
355;-2;53;
355;-2;53;
356;-2;53;
356;-1;55;
356;-1;55;
356;-1;55;
355;-3;56;
355;-2;59;
355;-2;60;
355;-2;60;
354;-3;60;
354;-3;59;
353;-3;58;
353;-3;56;
353;-3;55;
354;-3;55;
354;-3;56;
354;-3;56;
354;-3;55;
354;-2;55;
354;-2;55;
354;-2;57;
354;-2;59;
355;-2;59;
356;-2;59;
357;-2;59;
357;-2;58;
356;-2;58;
356;-2;58;
356;-3;58;
356;-3;58;
356;-3;56;
355;-2;56;
355;-2;56;
354;-2;55;
354;-2;55;
354;-2;55;
354;-2;55;
354;-2;55;
355;-2;54;
355;-2;54;
355;-2;53;
355;-2;54;
355;-2;54;
355;-2;55;
355;-1;55;
355;-1;55;
355;-2;55;
355;-2;57;
355;-2;57;
355;-2;56;
355;-3;56;
355;-3;55;
355;-3;54;
355;-2;53;
355;-2;53;
355;-2;53;
355;-2;53;
355;-2;53;
355;-2;54;
355;-2;55;
355;-2;56;
355;-2;56;
355;-1;56;
355;-1;56;
355;-1;55;
355;-1;54;
356;-1;54;
356;-1;53;
356;-1;53;
356;-1;53;
356;-1;53;
356;-1;53;
356;-1;54;
355;-1;54;
355;-1;54;
354;-2;54;
353;-2;52;
353;-1;51;
353;-1;51;
353;-1;52;
353;-1;53;
353;-1;55;
353;-1;55;
353;-1;56;
354;-1;57;
354;-1;58;
355;-1;58;
355;-1;57;
355;-1;56;
355;0;55;
355;0;55;
355;-2;55;
355;-1;55;
355;-1;54;
355;-1;54;
355;-1;54;
355;-1;54;
355;-2;54;
355;-2;54;
355;-2;54;
355;-2;54;
355;-2;55;
355;-2;55;
354;-2;55;
354;-2;55;
354;-2;54;
353;-2;53;
353;-2;53;
355;-2;53;
355;-3;54;
355;-4;54;
355;-4;53;
357;-3;49;
357;-2;48;
357;-1;48;
356;-1;49;
355;-1;51;
355;-3;56;
356;-3;57;
356;-2;57;
356;-2;56;
356;-3;55;
356;-3;50;
354;-3;48;
354;-3;47;
353;-3;47;
353;-3;50;
353;-3;52;
353;-2;52;
355;-1;51;
356;-1;51;
356;-1;52;
355;-2;53;
355;-2;56;
355;-2;57;
355;-2;57;
355;-2;55;
354;-2;55;
354;-2;54;
353;-2;53;
353;-2;52;
353;-2;52;
353;-2;50;
354;-3;50;
354;-3;51;
355;-3;52;
355;-3;52;
356;-4;51;
356;-4;51;
355;-4;52;
355;-3;53;
355;-3;53;
356;-2;53;
356;-2;53;
355;-2;55;
355;-2;55;
355;-2;55;
355;-2;55;
354;-2;54;
354;-2;53;
353;-2;53;
353;-2;53;
354;-2;52;
354;-2;52;
354;-2;53;
354;-2;53;
354;-2;54;
355;-2;53;
355;-2;53;
355;-2;52;
355;-2;52;
355;-3;52;
355;-3;53;
355;-3;53;
355;-3;52;
354;-2;52;
354;-2;52;
355;-2;52;
355;-2;51;
355;-2;51;
354;-2;52;
354;-2;52;
355;-2;52;
355;-2;52;
355;-2;52;
355;-2;52;
355;-2;54;
355;-2;55;
355;-2;56;
355;-2;56;
355;-2;54;
355;-2;54;
355;-2;54;
355;-2;52;
355;-2;51;
355;-2;51;
355;-3;53;
355;-3;53;
355;-3;53;
354;-3;53;
354;-3;54;
354;-3;54;
354;-3;54;
354;-3;54;
354;-2;54;
354;-2;53;
354;-2;52;
354;-3;52;
354;-3;53;
355;-3;53;
355;-3;53;
355;-3;54;
355;-3;54;
355;-3;54;
356;-3;54;
356;-3;55;
356;-3;55;
356;-2;55;
355;-2;55;
355;-2;53;
355;-3;52;
355;-3;52;
355;-3;54;
355;-3;54;
354;-2;54;
354;-2;53;
354;-2;51;
354;-2;51;
354;-3;51;
354;-3;53;
353;-4;54;
353;-4;56;
353;-4;56;
353;-3;55;
354;-3;51;
354;-2;49;
354;-2;49;
353;-3;51;
353;-3;53;
354;-3;57;
355;-2;61;
355;-2;61;
355;-3;59;
356;-3;58;
356;-3;56;
356;-3;52;
355;-3;49;
354;-3;49;
354;-3;49;
355;-3;51;
355;-3;52;
356;-3;52;
357;-3;52;
357;-3;53;
357;-3;54;
357;-3;55;
356;-3;55;
356;-3;55;
356;-3;55;
355;-3;55;
354;-3;55;
354;-3;55;
354;-3;54;
354;-3;54;
354;-4;54;
354;-4;54;
354;-5;54;
354;-5;54;
355;-5;54;
355;-4;54;
355;-4;54;
356;-4;55;
356;-3;55;
356;-3;54;
356;-3;54;
356;-3;54;
356;-3;53;
355;-3;53;
355;-3;55;
355;-4;55;
355;-4;55;
355;-3;55;
354;-3;55;
354;-3;54;
354;-3;54;
354;-3;54;
354;-3;54;
354;-3;54;
355;-3;54;
355;-3;53;
355;-3;53;
355;-3;54;
355;-3;55;
355;-3;55;
355;-3;54;
355;-3;52;
355;-3;51;
354;-4;51;
354;-4;52;
354;-4;52;
354;-4;52;
354;-4;52;
354;-3;53;
355;-3;53;
355;-2;54;
355;-2;54;
356;-3;52;
356;-3;51;
355;-3;51;
355;-3;53;
355;-3;53;
355;-3;53;
354;-4;53;
354;-4;55;
354;-4;55;
353;-4;54;
353;-3;53;
353;-3;53;
353;-3;54;
354;-3;54;
354;-3;53;
353;-3;52;
353;-4;52;
353;-4;51;
353;-4;51;
353;-4;51;
353;-4;51;
353;-4;51;
353;-4;51;
353;-4;50;
352;-4;48;
352;-4;48;
352;-5;47;
351;-5;47;
350;-5;47;
350;-5;47;
350;-4;44;
350;-3;43;
351;-3;43;
351;-3;46;
351;-3;47;
352;-3;50;
353;-3;51;
354;-3;52;
355;-4;52;
356;-4;55;
357;-4;55;
359;-4;55;
361;-4;55;
362;-5;56;
362;-5;57;
363;-5;57;
364;-3;57;
364;-3;58;
363;-3;60;
361;-3;63;
359;-3;64;
358;-2;64;
358;-2;64;
358;-2;61;
356;-2;58;
356;1;56;
355;1;56;
353;1;57;
353;-1;60;
353;-1;60;
353;-1;60;
354;-1;60;
354;-1;56;
355;-1;53;
355;-2;49;
355;-2;47;
355;-2;47;
355;-2;47;
356;-3;48;
356;-3;48;
357;-3;49;
356;-4;49;
356;-4;50;
355;-5;53;
355;-5;54;
354;-5;54;
353;-5;55;
353;-6;56;
353;-7;57;
354;-8;57;
354;-8;57;
355;-7;56;
355;-7;55;
355;-8;52;
355;-8;51;
355;-7;51;
355;-7;51;
354;-7;52;
354;-7;54;
354;-7;55;
354;-7;57;
354;-6;57;
355;-6;56;
355;-5;54;
355;-5;54;
355;-4;54;
355;-4;54;
354;-4;54;
354;-4;54;
353;-4;54;
353;-4;53;
352;-4;51;
352;-4;51;
351;-4;52;
351;-4;52;
352;-4;52;
353;-4;51;
353;-4;52;
354;-4;52;
356;-4;52;
356;-4;53;
356;-5;54;
356;-7;54;
356;-7;53;
355;-6;53;
355;-6;52;
353;-6;51;
352;-5;51;
352;-4;49;
351;-4;49;
351;-4;45;
348;-5;44;
347;-5;42;
346;-4;39;
345;-4;39;
342;1;36;
339;1;33;
337;1;33;
337;1;33;
336;1;36;
334;1;36;
333;1;38;
333;2;38;
332;2;37;
329;2;34;
325;2;31;
319;-3;25;
313;-2;21;
307;-3;15;
300;-1;8;
292;-4;3;
282;-3;3;
272;-3;-7;
262;-3;-6;
252;1;-6;
242;1;-4;
232;2;-4;
221;2;12;
212;2;12;
202;3;19;
195;3;26;
193;3;32;
188;-7;34;
188;-5;39;
192;-7;41;
198;3;43;
201;3;45;
203;0;46;
210;0;49;
223;2;53;
235;2;57;
245;2;63;
253;2;67;
262;-5;69;
271;-5;71;
281;-9;71;
294;-9;69;
304;-6;61;
314;-5;57;
327;-4;54;
340;-4;52;
352;0;46;
366;0;41;
380;-3;38;
393;-3;33;
406;-4;25;
419;-6;18;
433;5;11;
449;5;11;
468;12;-8;
487;14;-8;
501;14;-8;
509;13;-9;
517;12;9;
528;11;9;
540;5;14;
553;1;15;
566;1;16;
579;1;19;
596;1;25;
621;1;33;
654;2;44;
690;-8;54;
736;-8;63;
783;-16;63;
824;-16;61;
860;-15;49;
889;-15;42;
907;-4;42;
909;-4;56;
909;-4;69;
905;-8;69;
898;-8;64;
898;15;45;
899;15;45;
907;19;-15;
931;19;-15;
947;18;-18;
947;16;-21;
928;16;-28;
897;23;-28;
855;25;-20;
811;25;-10;
749;14;-10;
686;14;14;
620;13;14;
568;16;19;
534;13;29;
498;16;-35;
448;-21;-35;
392;-21;-72;
337;-27;-100;
277;-27;-102;
204;-25;-102;
122;-21;-88;
122;-15;-78;
-116;-15;-75;
-116;12;-74;
-186;12;-71;
-246;22;-69;
-287;31;-68;
-305;37;-66;
-305;39;-53;
-275;39;-32;
-231;36;-32;
-185;27;4;
-137;21;4;
-96;19;4;
-61;16;2;
-61;12;2;
22;9;-13;
22;9;-13;
41;11;-16;
57;12;-16;
69;13;-16;
75;15;26;
81;18;26;
81;18;41;
80;17;51;
76;13;60;
71;7;69;
66;7;75;
59;-7;78;
50;-7;78;
41;-13;76;
32;-16;71;
25;-16;63;
19;-19;54;
13;-23;54;
10;-23;43;
9;-23;32;
6;-23;28;
6;-25;27;
-7;-25;20;
-7;-24;12;
-13;-24;10;
-15;-21;5;
-15;-20;5;
-12;-17;-6;
-10;-11;-6;
-10;-11;-6;
-10;9;-7;
-9;6;11;
-9;9;11;
24;-11;18;
24;-10;18;
45;-10;18;
71;-10;-4;
100;28;-4;
140;28;-12;
199;37;-43;
263;39;-96;
321;40;-96;
398;40;-65;
504;30;-45;
644;30;-45;
799;-10;-50;
963;-6;-51;
1141;-10;-51;
1314;-6;-58;
1459;-8;-87;
1596;-8;-131;
1705;21;-166;
1705;21;-166;
1684;34;-132;
1666;34;-132;
1662;30;76;
1662;30;76;
1634;-12;76;
1586;-9;80;
1516;-9;-72;
1419;-22;-72;
1320;-26;-133;
1224;-26;-178;
1126;-18;-178;
1020;-18;-149;
918;28;-94;
825;24;-94;
742;28;40;
662;32;31;
590;36;40;
522;38;-59;
448;38;-59;
376;32;-98;
305;30;-125;
233;30;-134;
159;34;-134;
85;34;-103;
85;29;-66;
-140;18;-39;
-140;10;-39;
-204;10;-53;
-253;19;-95;
-291;29;-134;
-309;29;-134;
-309;22;-133;
-292;14;-101;
-254;10;-69;
-207;8;-49;
-162;6;-39;
-119;6;-30;
-81;7;-30;
-51;8;22;
-27;8;22;
-27;8;41;
46;7;52;
46;6;52;
71;6;52;
94;7;45;
112;7;39;
122;5;39;
127;2;46;
127;2;57;
124;-9;67;
115;-9;78;
100;-14;78;
85;-14;78;
71;-14;74;
54;-14;72;
35;-12;66;
16;-10;62;
16;-9;56;
-23;-9;51;
-23;-13;48;
-28;-13;40;
-28;-11;29;
-30;-6;20;
-30;-6;11;
-32;6;11;
-35;6;-3;
-37;6;-3;
-37;6;2;
-37;6;2;
-35;9;4;
-31;9;7;
-27;7;12;
-22;7;17;
-22;15;19;
26;15;23;
26;12;23;
46;9;24;
71;6;-47;
100;6;-46;
132;7;-47;
179;23;-52;
241;30;-55;
299;46;-55;
392;38;-55;
457;66;15;
542;38;15;
728;16;-220;
922;16;-220;
1149;16;-316;
1378;26;-316;
1607;24;-322;
1768;50;-353;
1892;50;-464;
1976;59;-464;
1976;70;-360;
1959;70;-360;
1847;56;122;
1722;55;78;
1632;50;122;
1568;49;-158;
1491;44;-158;
1404;26;-279;
1322;21;-362;
1254;20;-362;
1173;18;-314;
1052;11;-238;
925;6;-151;
812;6;-77;
713;16;-41;
608;35;-41;
500;46;-67;
397;50;-103;
299;50;-120;
208;44;-120;
134;39;-117;
73;31;-96;
73;16;-72;
-116;16;-53;
-116;1;-53;
-188;7;-54;
-262;7;-81;
-336;12;-116;
-387;21;-145;
-387;34;-157;
-360;34;-157;
-283;30;-131;
-226;23;-92;
-181;16;-55;
-133;9;-27;
-87;5;-27;
-47;4;10;
-47;3;10;
36;3;18;
36;-3;28;
61;-2;36;
85;-2;38;
106;-2;44;
119;-6;48;
121;-12;50;
121;-16;51;
113;-17;54;
101;-18;59;
86;-17;64;
68;-17;67;
51;-13;71;
35;-9;71;
20;-8;70;
9;-8;61;
9;-7;56;
-5;-6;50;
-4;-6;46;
-4;-7;43;
-4;-9;38;
-4;-9;33;
-4;-8;29;
-2;-7;24;
-2;-5;22;
-2;-5;20;
-4;1;18;
-7;1;14;
-9;4;13;
-11;8;9;
-15;11;9;
-17;14;13;
-17;15;18;
-17;17;18;
-12;18;10;
-12;18;10;
33;18;-15;
33;16;-15;
51;15;-23;
77;14;-41;
110;12;-54;
127;7;-54;
151;7;-33;
203;-13;-23;
259;-13;-23;
312;29;-25;
401;21;61;
528;17;61;
715;17;-81;
956;24;-81;
1221;24;-116;
1525;24;-142;
1780;-31;-201;
1923;-17;-295;
1976;-31;-316;
1976;49;-316;
1847;36;-247;
1754;36;-142;
1754;35;-63;
1751;35;-24;
1751;58;-24;
1700;62;-53;
1599;62;-75;
1478;34;-96;
1370;14;-129;
1265;11;-174;
1148;11;-208;
1035;17;-208;
916;19;-189;
791;23;-160;
672;29;-129;
563;29;-94;
468;27;-62;
384;22;-45;
297;11;-45;
209;6;-44;
129;6;-42;
129;-2;-37;
-106;-2;-32;
-106;15;-32;
-184;15;-44;
-253;26;-69;
-314;38;-95;
-357;42;-113;
-357;54;-113;
-353;58;-108;
-309;58;-94;
-227;45;-75;
-171;45;-55;
-137;44;-32;
-101;43;-32;
-64;38;17;
-35;29;17;
-35;20;23;
13;15;28;
13;11;31;
29;9;32;
52;9;32;
77;-4;33;
99;-4;35;
117;-6;36;
129;-9;41;
129;-9;48;
129;-10;56;
122;-14;60;
111;-14;62;
98;-14;63;
77;-13;62;
54;-13;59;
30;-15;50;
30;-18;40;
-17;-18;27;
-17;-19;16;
-21;-23;11;
-25;-23;11;
-31;-23;8;
-37;-20;7;
-44;-15;7;
-46;-10;8;
-46;-5;8;
-45;-3;7;
-44;-2;7;
-42;-2;4;
-39;5;4;
-35;5;-6;
-31;5;-6;
-25;6;-10;
-25;-4;-13;
18;-4;-18;
18;-7;-18;
34;-13;-15;
48;-15;-15;
62;-15;-21;
78;-15;-24;
99;24;-26;
127;7;-30;
166;24;-30;
212;7;-35;
271;28;-35;
365;28;-35;
492;30;-3;
657;33;-52;
856;34;-52;
1087;54;-105;
1353;63;-152;
1631;71;-232;
1831;101;-354;
1919;101;-354;
1919;67;-333;
1917;58;-251;
1845;43;-154;
1774;43;-154;
1697;77;20;
1634;99;20;
1587;109;-98;
1537;109;-98;
1468;79;-188;
1379;35;-254;
1276;12;-254;
1171;12;-254;
1066;2;-209;
972;6;-164;
885;6;-129;
800;11;-93;
715;17;-68;
629;18;-64;
546;18;-64;
468;12;-80;
392;6;-95;
320;6;-95;
250;-2;-85;
176;-2;-70;
95;10;-58;
95;10;-46;
-181;18;-46;
-181;27;-48;
-267;33;-61;
-341;38;-82;
-394;47;-105;
-411;50;-119;
-411;50;-119;
-357;40;-100;
-285;30;-70;
-224;25;-41;
-176;25;-20;
-129;23;-20;
-86;18;7;
-55;13;7;
-32;10;8;
-32;9;12;
51;9;18;
51;-13;21;
85;-13;21;
115;-21;20;
137;-29;20;
149;-34;26;
150;-35;36;
150;-35;46;
136;-33;54;
116;-31;58;
93;-27;62;
69;-24;66;
45;-23;69;
22;-23;69;
22;-27;60;
-26;-27;47;
-26;-24;36;
-30;-17;28;
-30;-13;23;
-30;-9;16;
-29;-6;8;
-26;-6;6;
-23;2;6;
-23;2;6;
-21;9;6;
-19;14;6;
-19;17;6;
-24;26;-5;
-24;36;-5;
-20;36;-9;
-14;35;-9;
-14;31;-9;
20;22;-17;
20;8;-22;
48;8;-23;
55;-30;-22;
59;-30;-19;
65;27;-9;
66;17;-9;
66;27;15;
133;58;15;
175;58;-35;
243;39;-35;
359;35;106;
518;33;67;
685;26;106;
889;11;-42;
1135;11;-42;
1360;43;-47;
1521;54;-117;
1653;87;-194;
1713;158;-238;
1746;182;-238;
1815;182;-228;
1877;148;-181;
1918;113;-100;
1918;99;-32;
1876;98;-31;
1770;88;-31;
1669;76;-69;
1560;69;-132;
1444;53;-192;
1335;31;-196;
1224;19;-196;
1116;19;-158;
1001;33;-137;
885;47;-122;
771;47;-105;
663;44;-86;
564;33;-74;
471;21;-74;
379;21;-79;
288;-27;-79;
205;-27;-76;
122;-36;-60;
122;-36;-37;
-99;-35;-30;
-99;-23;-30;
-173;-23;-37;
-236;23;-56;
-288;23;-85;
-329;36;-114;
-329;47;-127;
-329;60;-127;
-303;60;-122;
-271;52;-91;
-222;49;-54;
-182;48;-26;
-146;48;-26;
-108;40;21;
-69;30;19;
-69;21;19;
29;13;19;
29;13;19;
56;-11;22;
81;-11;29;
98;-16;37;
111;-19;46;
122;-23;52;
122;-26;52;
121;-27;52;
109;-27;47;
96;-24;44;
73;-24;44;
52;-24;42;
32;-23;40;
32;-21;37;
-10;-19;34;
-10;-15;29;
-15;-14;26;
-16;-14;24;
-18;-15;23;
-18;-15;22;
-18;-13;19;
-15;-10;19;
-13;-6;19;
-13;-2;19;
-18;-2;18;
-18;15;14;
-14;15;14;
-10;20;-7;
-8;20;-4;
-8;19;-4;
11;18;-4;
11;15;1;
23;11;1;
34;11;-3;
39;14;-3;
43;15;-4;
47;16;-4;
53;16;-17;
61;13;-23;
69;13;-25;
87;28;-25;
111;39;-31;
147;-15;-31;
199;-15;-56;
284;13;-80;
419;9;-80;
584;13;-80;
783;21;-84;
1028;30;-89;
1297;30;-89;
1551;54;-89;
1750;106;-136;
1884;106;-225;
1945;103;-225;
1974;75;-203;
1974;64;-105;
1882;64;-105;
1753;91;26;
1657;116;26;
1602;133;-176;
1555;133;-176;
1512;100;-250;
1448;63;-250;
1356;35;-222;
1249;27;-172;
1136;27;-135;
1027;17;-102;
931;11;-72;
846;11;-51;
765;20;-51;
688;29;-60;
613;29;-82;
533;24;-102;
450;16;-102;
376;16;-97;
300;-13;-80;
222;-4;-66;
143;-4;-45;
143;-7;-45;
-102;-10;9;
-102;-10;3;
-192;-10;9;
-277;-10;-78;
-346;-9;-78;
-391;-8;-133;
-391;-8;-177;
-391;11;-177;
-335;11;-150;
-271;16;-100;
-221;25;-59;
-179;25;-28;
-143;25;-28;
-109;29;18;
-78;35;17;
-47;35;17;
-47;35;14;
60;30;14;
60;23;15;
98;13;17;
129;13;22;
153;-11;27;
164;-11;33;
164;-11;33;
154;-8;33;
141;-7;31;
120;-4;31;
98;-4;36;
74;3;43;
51;3;50;
32;3;59;
15;5;61;
6;6;61;
6;6;59;
-12;4;57;
-12;4;52;
-13;7;44;
-13;7;35;
-13;8;32;
-14;-6;25;
-16;-6;17;
-20;-10;13;
-24;-15;7;
-27;-21;4;
-31;-26;4;
-33;-29;4;
-33;-30;6;
-29;-30;8;
-20;-29;8;
-20;-22;11;
23;-14;11;
23;-6;11;
33;-3;11;
42;-3;-16;
52;-4;-16;
72;22;-31;
105;22;-40;
147;28;-40;
203;43;-40;
268;67;47;
339;67;47;
438;73;101;
569;79;101;
750;98;125;
1010;98;-134;
1345;93;-134;
1758;93;-260;
2047;96;-348;
2047;98;-348;
2047;147;-325;
2047;193;-222;
1922;206;-116;
1818;206;-48;
1768;195;-26;
1746;185;-26;
1711;183;-30;
1649;162;-47;
1564;121;-82;
1439;73;-130;
1304;34;-166;
1175;34;-166;
1034;-9;-147;
897;-9;-124;
764;13;-110;
637;13;-103;
527;16;-95;
426;16;-92;
327;15;-92;
238;14;-93;
155;14;-93;
155;-12;-81;
-90;-12;-65;
-90;-18;-48;
-170;-18;-43;
-248;-18;-43;
-314;16;-56;
-364;16;-67;
-386;16;-70;
-386;19;-70;
-336;23;-56;
-269;23;-32;
-219;18;-32;
-163;18;29;
-115;18;25;
-67;25;25;
-33;25;21;
-33;24;15;
32;19;11;
32;19;8;
55;24;7;
78;24;7;
96;21;9;
109;15;16;
118;9;24;
118;9;30;
110;-9;30;
95;-9;28;
78;-11;22;
58;-16;20;
38;-18;19;
17;-19;14;
17;-19;14;
-15;-18;14;
-15;-11;14;
-18;-7;15;
-22;-7;18;
-22;-9;20;
-22;-11;27;
-17;-14;32;
-11;-14;35;
-5;-15;40;
-5;-15;44;
6;-16;47;
6;-16;48;
15;-16;48;
22;-16;46;
27;-18;44;
33;-18;44;
37;-18;44;
39;-17;44;
42;-17;35;
46;9;35;
48;9;-27;
48;10;-27;
48;10;-48;
61;10;-83;
78;13;-83;
106;27;-82;
148;27;-62;
200;51;-62;
256;-19;163;
312;-19;163;
377;18;163;
473;18;124;
596;-11;124;
738;-11;110;
893;-7;124;
1063;26;-196;
1309;102;-196;
1783;102;-278;
2047;102;-324;
2047;129;-324;
2047;61;-324;
2047;14;169;
1939;14;169;
1731;-17;169;
1585;-17;141;
1529;67;133;
1481;59;113;
1412;59;113;
1332;34;-119;
1250;34;-119;
1152;32;-119;
1039;34;-109;
933;35;-97;
844;35;-90;
756;33;-85;
664;19;-78;
577;19;-62;
492;-15;-46;
404;-15;-46;
317;-15;-49;
240;-12;-57;
164;-12;-57;
88;8;-47;
88;8;-33;
-144;19;-33;
-144;29;-36;
-215;35;-65;
-280;35;-106;
-303;34;-141;
-303;34;-141;
-303;35;-134;
-303;35;-113;
-292;25;-88;
-234;14;-67;
-168;8;-50;
-137;8;-30;
-115;-9;-30;
-95;-9;14;
-78;-12;14;
-67;-20;22;
-56;-20;30;
-56;-12;36;
34;-12;40;
34;14;41;
61;14;44;
87;17;44;
106;22;44;
117;23;43;
117;23;40;
115;22;32;
107;16;32;
94;12;36;
77;8;43;
59;6;51;
43;6;56;
28;4;58;
22;4;58;
18;5;53;
11;5;45;
6;2;31;
3;2;18;
3;-16;10;
-11;-16;10;
-11;-19;-6;
-15;-20;-6;
-16;-20;-6;
-19;-17;-6;
-27;-14;-6;
-34;-8;-12;
-37;-8;-20;
-37;3;-25;
-36;3;-25;
-28;3;-21;
-20;3;-11;
-14;-18;-9;
-14;-18;-9;
39;-28;-31;
39;-28;-52;
68;-19;-72;
111;-19;-91;
164;-33;-97;
217;-35;-97;
272;-36;-74;
350;-45;-74;
467;-58;79;
611;-58;79;
783;-56;79;
994;-44;97;
1225;-31;-169;
1445;-26;-169;
1605;-26;-251;
1686;-74;-251;
1766;-74;-239;
1790;-101;-239;
1790;20;33;
1669;4;33;
1623;20;-84;
1620;-11;-84;
1620;-11;-110;
1565;68;-125;
1473;68;-162;
1380;98;-203;
1293;98;-207;
1205;91;-207;
1116;78;-173;
1047;78;-144;
995;79;-115;
941;79;-76;
887;60;-50;
835;45;-50;
783;34;-70;
724;21;-91;
655;21;-110;
578;-19;-110;
498;-19;-104;
414;-31;-87;
328;-35;-71;
247;-35;-51;
169;-35;-28;
169;-35;-24;
-93;-35;-24;
-93;-28;-48;
-178;-18;-89;
-252;-18;-138;
-312;12;-172;
-362;10;-172;
-390;12;-172;
-390;13;-144;
-360;13;-97;
-312;13;-47;
-254;9;-47;
-208;9;24;
-170;-7;24;
-134;-5;30;
-101;-7;34;
-72;12;42;
-43;12;42;
-43;20;42;
72;21;36;
72;21;35;
113;19;35;
149;19;42;
176;19;43;
191;18;43;
191;14;41;
181;14;41;
162;-9;46;
137;-9;54;
109;-9;58;
81;-9;58;
56;-7;56;
35;-4;50;
20;-4;44;
10;4;40;
10;4;36;
-19;5;29;
-19;5;22;
-28;6;15;
-38;8;7;
-48;10;7;
-59;10;-3;
-64;8;-3;
-64;6;-6;
-64;3;-9;
-59;1;-13;
-50;1;-17;
-37;-7;-17;
-25;-7;-17;
-25;-11;-11;
25;-13;-11;
25;-16;12;
46;-16;12;
71;-17;18;
92;-15;18;
112;-15;22;
136;-15;-34;
160;-15;-31;
180;-28;-34;
204;50;-70;
256;50;-117;
340;-29;-149;
441;-21;-149;
571;-17;-118;
702;-17;-49;
871;-19;-45;
1055;-23;-45;
1177;33;-75;
1268;33;-156;
1371;58;-231;
1434;70;-233;
1434;70;-238;
1369;45;-238;
1317;45;-207;
1288;-17;-207;
1265;-17;217;
1222;-21;217;
1154;-28;230;
1064;-39;230;
973;-39;159;
906;-39;87;
855;-35;87;
810;-31;-51;
767;-17;-51;
725;-15;-71;
682;-12;-71;
632;-15;-60;
576;2;-39;
522;1;-19;
468;2;-19;
416;-5;27;
366;-5;27;
317;-5;37;
266;-6;37;
215;-6;35;
170;-6;24;
128;2;24;
85;2;-40;
47;4;-40;
47;6;-60;
-34;10;-72;
-34;14;-72;
-43;18;-58;
-49;20;-40;
-55;22;-26;
-59;22;-14;
-59;20;-14;
-51;20;8;
-37;18;8;
-37;17;8;
34;17;8;
34;16;9;
71;14;12;
109;13;14;
150;11;14;
193;6;16;
237;6;21;
282;-2;25;
332;-2;33;
386;4;41;
442;4;41;
508;4;40;
585;4;29;
674;4;29;
747;9;-60;
750;11;-60;
750;14;-97;
709;15;-113;
613;15;-113;
552;15;-89;
513;15;-63;
468;15;-38;
414;11;-38;
357;10;18;
302;8;18;
251;8;34;
206;-5;48;
171;-5;55;
154;-8;56;
153;-8;56;
153;-9;49;
174;7;41;
204;6;33;
239;7;24;
275;7;16;
312;11;11;
346;13;11;
374;15;17;
395;15;27;
412;17;36;
425;19;40;
434;19;40;
437;18;32;
437;16;22;
437;15;13;
437;12;7;
435;9;7;
431;8;-5;
424;7;-5;
414;4;-5;
403;4;-7;
391;5;-10;
377;5;-13;
364;4;-16;
353;4;-16;
340;6;-14;
329;8;-8;
319;10;-8;
313;13;6;
309;15;6;
306;15;11;
304;15;17;
304;15;22;
306;15;23;
315;18;23;
328;18;21;
341;16;18;
353;13;18;
363;13;18;
372;12;17;
377;12;15;
381;12;12;
384;12;11;
384;12;11;
384;12;11;
383;12;11;
382;12;11;
378;12;10;
373;12;10;
367;12;9;
363;12;9;
360;12;10;
358;12;12;
356;13;14;
356;13;14;
356;13;13;
356;13;13;
356;13;13;
356;12;14;
356;10;14;
354;10;14;
353;10;14;
353;12;11;
351;12;9;
351;12;8;
351;13;8;
351;13;8;
351;13;9;
352;14;11;
353;14;13;
354;14;13;
355;14;14;
357;14;14;
358;15;14;
358;15;13;
358;16;12;
358;16;12;
358;15;12;
358;15;12;
358;14;13;
358;14;13;
359;14;13;
359;13;10;
360;13;10;
361;13;11;
363;13;11;
363;13;11;
363;14;11;
363;15;12;
363;15;12;
362;15;12;
360;15;13;
359;16;13;
358;17;12;
358;17;10;
357;16;9;
356;16;8;
355;16;6;
353;15;6;
352;15;6;
351;15;6;
350;15;7;
349;15;9;
349;15;9;
349;14;9;
351;14;8;
353;14;6;
355;15;6;
356;15;6;
356;15;7;
357;16;10;
359;16;13;
360;16;13;
361;16;13;
362;16;12;
362;16;12;
362;15;14;
362;14;15;
361;13;17;
359;13;18;
358;13;18;
358;12;17;
358;11;15;
357;10;14;
357;10;14;
355;10;14;
353;9;15;
353;9;15;
353;8;13;
353;8;13;
354;8;13;
356;8;14;
357;8;16;
358;8;18;
359;7;18;
359;7;17;
360;7;17;
360;8;14;
359;9;13;
358;9;10;
358;9;9;
358;10;8;
358;11;8;
357;11;9;
356;11;11;
356;11;15;
355;11;19;
355;11;19;
356;11;17;
358;11;17;
358;11;18;
358;11;19;
358;11;19;
359;11;19;
360;12;17;
361;12;13;
362;12;11;
362;13;11;
361;13;11;
360;13;14;
358;13;15;
356;13;15;
354;13;15;
353;12;14;
352;12;14;
352;11;16;
351;11;16;
351;11;16;
351;11;17;
352;10;17;
352;10;17;
352;10;16;
352;9;16;
352;9;17;
352;9;17;
352;9;17;
353;9;17;
355;7;18;
356;7;18;
356;6;18;
358;5;18;
360;5;17;
360;5;15;
361;5;15;
360;4;15;
361;4;15;
361;5;15;
361;5;15;
361;4;16;
361;4;17;
359;4;17;
358;4;18;
357;3;18;
356;3;18;
355;3;18;
354;3;18;
354;4;16;
355;5;16;
355;5;16;
355;5;17;
354;6;19;
354;6;19;
353;7;19;
353;7;16;
353;8;15;
354;9;13;
354;9;10;
355;9;10;
356;9;12;
357;9;13;
358;10;13;
359;11;13;
359;11;13;
358;12;13;
358;12;15;
358;12;17;
358;12;18;
358;12;19;
358;12;19;
359;11;19;
359;11;19;
359;11;18;
360;10;18;
360;10;18;
360;10;18;
360;9;17;
359;9;17;
358;9;18;
358;8;18;
358;8;19;
358;9;20;
358;9;21;
357;8;23;
357;8;23;
356;8;23;
356;7;23;
357;7;21;
357;6;19;
358;5;18;
358;5;17;
358;5;17;
358;5;19;
358;6;19;
358;5;18;
358;5;17;
358;5;16;
358;5;15;
358;5;15;
358;5;17;
358;5;18;
358;5;19;
358;6;21;
357;6;21;
357;7;21;
356;7;19;
356;7;19;
356;7;19;
357;7;20;
357;6;21;
357;6;21;
357;5;21;
356;4;20;
356;4;20;
356;4;20;
356;4;18;
357;5;17;
358;7;16;
358;7;16;
358;7;18;
358;7;20;
357;7;21;
357;8;21;
356;8;19;
356;8;18;
357;8;17;
357;8;17;
357;7;17;
357;7;17;
357;7;17;
357;7;18;
357;7;19;
358;7;19;
358;7;19;
358;7;19;
357;7;19;
357;8;19;
357;8;19;
357;9;21;
357;9;21;
357;9;19;
357;8;18;
356;8;18;
356;8;19;
356;8;19;
356;8;18;
356;7;18;
356;7;18;
356;6;18;
355;5;21;
355;5;21;
355;5;21;
355;6;21;
355;7;18;
355;7;15;
355;7;15;
355;8;16;
356;8;16;
356;8;16;
357;9;15;
358;9;15;
359;10;15;
360;11;16;
360;11;17;
359;10;19;
359;10;21;
358;10;22;
358;10;24;
358;8;24;
359;8;24;
359;8;23;
359;8;23;
360;8;23;
360;8;23;
360;8;22;
360;8;18;
360;9;17;
359;9;16;
359;9;16;
358;9;15;
358;9;15;
358;9;15;
357;9;17;
356;9;18;
355;9;21;
355;9;21;
355;9;21;
355;9;20;
355;10;20;
355;10;19;
356;10;18;
357;10;17;
357;10;17;
357;10;17;
360;10;14;
360;10;12;
360;10;12;
359;9;12;
359;9;14;
358;9;15;
357;9;17;
357;9;18;
357;9;20;
356;9;20;
356;9;18;
356;9;17;
356;9;16;
356;9;16;
357;9;17;
358;9;17;
358;9;15;
359;9;15;
359;10;14;
359;10;11;
358;9;11;
358;9;13;
358;9;13;
358;10;12;
358;10;12;
358;10;13;
358;11;15;
358;11;15;
357;11;15;
357;10;14;
357;10;14;
357;10;13;
356;10;12;
356;10;12;
357;10;14;
357;10;14;
357;10;15;
357;10;15;
357;10;14;
357;9;14;
358;9;14;
358;9;11;
358;9;11;
358;9;11;
358;8;12;
358;8;13;
357;8;13;
357;8;14;
357;8;14;
357;8;17;
357;8;17;
358;9;17;
359;9;16;
359;9;14;
359;9;14;
359;8;14;
358;8;15;
358;8;15;
359;9;16;
359;9;16;
359;9;13;
359;8;9;
359;8;7;
360;8;7;
360;8;9;
360;9;11;
359;9;12;
358;9;13;
357;9;14;
356;9;15;
355;9;15;
355;9;17;
355;8;18;
355;8;18;
355;8;16;
355;8;16;
355;8;15;
355;8;14;
355;7;14;
356;7;14;
356;7;15;
355;7;15;
355;7;15;
356;7;15;
356;7;15;
356;7;16;
356;7;16;
356;8;15;
356;8;15;
357;8;15;
357;8;17;
358;9;17;
358;9;17;
356;8;16;
356;8;15;
357;8;15;
357;8;15;
357;8;14;
357;8;14;
357;8;14;
356;8;14;
355;8;14;
355;8;15;
355;8;16;
355;9;18;
355;9;19;
356;10;19;
357;10;19;
357;10;18;
358;9;16;
358;9;16;
359;9;14;
359;8;14;
361;7;15;
361;7;15;
361;8;13;
361;8;13;
361;8;14;
361;8;14;
361;8;15;
360;9;15;
360;9;15;
360;9;15;
360;9;15;
359;10;15;
357;10;16;
357;10;17;
356;9;17;
355;9;17;
354;10;15;
354;10;14;
353;10;14;
353;10;16;
353;10;16;
354;10;15;
355;11;15;
355;11;15;
356;11;15;
356;11;16;
356;10;16;
355;10;16;
355;11;16;
355;12;16;
356;12;18;
356;11;19;
356;11;21;
356;11;21;
356;10;22;
356;10;22;
357;10;19;
357;10;16;
357;10;16;
356;10;18;
356;9;22;
356;9;26;
356;9;26;
356;9;23;
357;10;18;
357;10;16;
357;10;15;
357;10;15;
357;10;17;
357;9;21;
357;9;22;
358;10;22;
358;10;20;
358;11;19;
358;11;18;
358;10;18;
356;10;18;
356;10;19;
355;10;19;
355;10;19;
356;10;17;
356;10;17;
355;10;19;
355;10;19;
355;10;19;
355;10;18;
356;10;19;
356;9;19;
357;9;20;
357;9;20;
358;9;20;
359;9;20;
360;8;20;
360;8;19;
360;8;19;
360;9;21;
360;9;22;
360;9;22;
359;10;22;
359;10;24;
358;10;24;
357;11;24;
357;11;23;
357;11;21;
357;10;18;
357;10;18;
357;10;18;
357;11;18;
357;11;18;
357;11;19;
357;11;20;
357;11;20;
356;12;20;
356;12;19;
357;11;19;
357;10;19;
357;10;19;
357;9;17;
358;9;17;
358;9;18;
357;9;18;
357;10;17;
357;10;17;
357;11;18;
357;11;19;
357;11;19;
357;11;19;
357;11;19;
357;11;19;
357;11;20;
356;10;20;
356;10;20;
356;10;20;
356;11;20;
356;11;20;
356;11;20;
356;11;20;
357;11;20;
357;11;19;
358;11;19;
358;10;19;
358;10;20;
358;9;20;
358;9;20;
358;9;18;
357;9;18;
357;10;19;
356;9;19;
356;10;20;
356;10;21;
356;10;22;
356;9;22;
356;9;19;
356;10;18;
356;10;16;
357;10;16;
357;10;16;
357;9;19;
357;9;22;
357;10;22;
357;10;20;
357;10;19;
357;9;18;
357;9;17;
357;10;16;
357;10;16;
357;10;16;
358;10;17;
360;11;18;
360;12;18;
359;12;18;
359;12;18;
358;12;20;
357;11;20;
357;11;20;
357;11;20;
357;10;20;
357;10;21;
357;10;21;
357;10;21;
358;9;20;
358;10;19;
358;10;19;
358;10;17;
358;10;17;
358;10;17;
358;11;18;
358;11;19;
358;11;21;
358;10;22;
358;10;22;
358;10;23;
358;10;23;
358;10;23;
358;10;21;
358;10;19;
358;10;19;
357;11;19;
357;11;18;
357;10;16;
356;10;16;
356;10;16;
356;10;16;
356;9;18;
356;9;19;
356;9;20;
357;10;20;
357;10;20;
358;10;19;
359;10;18;
359;10;18;
359;10;19;
358;9;19;
358;9;21;
357;9;21;
357;8;21;
356;8;20;
356;8;19;
355;8;18;
355;8;17;
356;8;17;
356;8;17;
357;8;18;
357;8;18;
358;9;17;
359;9;16;
359;9;16;
359;9;16;
358;10;17;
358;10;18;
357;10;18;
357;10;18;
357;10;18;
357;10;18;
357;10;18;
357;9;17;
357;9;16;
357;9;16;
357;9;16;
358;9;17;
358;8;17;
358;8;17;
357;8;18;
357;8;18;
356;7;17;
356;7;17;
356;7;16;
356;7;16;
356;8;17;
356;8;18;
356;8;18;
356;8;16;
356;8;15;
357;8;12;
357;8;12;
357;7;14;
357;7;18;
357;8;20;
357;8;21;
356;9;21;
355;9;19;
355;10;19;
355;10;16;
356;10;12;
357;10;12;
358;10;14;
359;10;14;
359;10;14;
359;10;14;
358;10;13;
358;10;13;
357;9;16;
356;8;18;
356;8;18;
356;7;18;
356;7;18;
356;7;18;
356;7;18;
356;7;18;
356;7;16;
357;7;16;
357;7;16;
358;8;16;
358;8;17;
358;8;18;
358;8;18;
358;8;20;
358;8;20;
357;8;20;
357;7;19;
357;7;19;
356;7;19;
356;7;16;
356;7;16;
355;7;17;
355;7;17;
355;7;16;
355;8;16;
353;8;15;
350;7;13;
348;7;12;
348;6;10;
345;6;8;
343;6;8;
338;6;7;
335;5;3;
332;5;3;
331;5;-3;
329;5;-3;
319;3;-4;
317;3;-4;
315;1;-5;
310;1;-6;
305;-6;-10;
298;-6;-15;
293;-8;-18;
287;-9;-21;
273;-9;-24;
264;-8;-29;
256;-6;-32;
244;-6;-35;
230;2;-37;
216;2;-39;
201;4;-39;
186;4;-38;
170;3;-30;
153;3;-20;
135;4;-20;
118;5;12;
103;5;12;
90;6;21;
80;7;25;
73;7;25;
73;7;23;
75;7;15;
83;6;10;
98;5;10;
122;5;11;
155;5;18;
188;6;30;
229;10;42;
270;15;52;
314;15;65;
357;16;72;
405;17;72;
450;17;57;
499;17;57;
552;16;-51;
610;16;-51;
666;16;-75;
704;18;-83;
704;18;-83;
702;18;-82;
688;18;-78;
686;20;-66;
686;25;-50;
709;30;-35;
747;39;-29;
803;50;-29;
879;61;-36;
960;61;-54;
1032;55;-72;
1093;36;-91;
1157;27;-117;
1217;27;-155;
1242;30;-189;
1242;30;-206;
1222;28;-206;
1188;28;-205;
1144;35;-204;
1092;43;-201;
1030;50;-188;
954;55;-153;
879;58;-103;
815;58;-54;
755;51;-19;
718;39;-16;
701;21;-16;
678;21;-25;
644;-7;-34;
602;-7;-54;
547;30;-82;
480;30;-108;
403;46;-130;
330;47;-134;
251;52;-134;
160;52;-101;
160;55;-71;
-145;59;-53;
-145;62;-49;
-241;68;-49;
-325;76;-82;
-393;78;-129;
-393;78;-165;
-393;54;-165;
-321;37;-160;
-253;26;-140;
-214;18;-118;
-185;18;-98;
-156;-12;-80;
-129;-12;-60;
-107;-19;-38;
-84;-25;-38;
-54;-33;28;
-54;-36;28;
51;-40;45;
51;-44;57;
79;-48;60;
91;-48;60;
95;-47;59;
97;-42;59;
97;-42;58;
95;-42;56;
93;-33;54;
91;-26;54;
90;-21;58;
90;-21;64;
91;-22;73;
91;-22;78;
91;-22;78;
91;-18;78;
91;-14;73;
85;-10;69;
74;-7;63;
58;-6;57;
40;-5;50;
21;-5;47;
21;-5;47;
-29;7;47;
-29;7;47;
-43;10;45;
-51;14;45;
-54;22;-32;
-54;23;-32;
-54;24;-59;
-47;24;-74;
-37;24;-74;
-30;23;-59;
-30;21;-35;
28;19;-35;
28;19;25;
62;13;25;
105;13;25;
145;5;30;
174;5;-50;
192;5;-50;
218;13;-80;
260;42;-128;
330;55;-145;
432;55;-153;
569;74;-153;
747;74;-197;
973;47;-197;
1231;24;-181;
1461;24;-101;
1674;51;-101;
1852;88;-221;
1942;88;-288;
1942;88;-288;
1910;76;-179;
1835;76;-179;
1762;46;-51;
1722;46;-111;
1701;52;-111;
1660;52;-174;
1590;45;-217;
1494;31;-242;
1390;18;-242;
1280;8;-231;
1156;5;-200;
1015;5;-174;
864;12;-151;
725;19;-120;
594;25;-95;
474;28;-67;
374;28;-46;
284;23;-33;
200;15;-28;
124;15;-25;
124;-20;-20;
-73;-20;-20;
-73;-20;-33;
-140;-22;-58;
-200;31;-96;
-242;31;-126;
-277;41;-136;
-301;46;-136;
-309;46;-125;
-309;46;-108;
-285;41;-82;
-252;36;-60;
-219;34;-41;
-187;30;-26;
-150;25;-26;
-112;20;18;
-75;20;18;
-40;-11;33;
-40;-11;44;
47;-18;48;
47;-25;50;
73;-25;50;
98;-24;44;
117;-24;38;
129;-23;30;
137;-19;20;
137;-12;17;
133;-12;17;
125;-17;23;
112;-19;33;
90;-19;43;
68;-18;51;
46;-13;59;
26;-9;59;
26;-9;54;
-19;6;48;
-19;6;42;
-29;10;38;
-32;14;36;
-38;16;33;
-45;17;25;
-47;17;14;
-49;14;14;
-49;14;-3;
-48;16;-2;
-40;17;-3;
-31;19;-4;
-20;19;-11;
-20;19;-14;
16;10;-14;
16;10;-14;
31;-6;13;
52;-6;13;
75;-11;13;
98;-11;20;
117;-7;-13;
134;-7;-13;
145;19;-34;
167;16;-76;
215;16;-116;
265;16;-116;
323;30;-101;
403;49;-101;
527;49;-191;
734;42;-250;
1014;42;-250;
1350;49;-240;
1695;82;-240;
1836;82;-377;
1942;82;-377;
2047;105;-377;
2047;148;-260;
2047;152;-182;
2047;152;-182;
2047;124;-186;
1775;122;-250;
1582;120;-293;
1417;120;-306;
1281;105;-321;
1173;87;-326;
1075;69;-326;
980;68;-318;
893;62;-303;
801;56;-256;
713;51;-203;
627;35;-148;
538;18;-98;
450;6;-63;
369;3;-42;
293;3;-42;
220;-16;21;
146;-16;16;
146;-21;16;
-92;-21;16;
-92;-21;-26;
-184;-13;-26;
-237;-21;-51;
-282;10;-74;
-314;10;-84;
-335;10;-84;
-335;7;-68;
-312;7;-45;
-265;3;-22;
-214;6;-9;
-169;6;-9;
-135;11;2;
-106;18;2;
-77;25;-5;
-50;25;-5;
-50;22;-7;
30;15;-9;
30;15;-10;
57;-9;-10;
83;-9;-12;
103;-15;10;
116;-22;10;
116;-23;19;
116;-23;28;
102;-19;37;
86;-15;43;
67;-15;49;
44;-13;56;
27;-13;58;
27;-11;58;
-24;-9;56;
-24;-6;48;
-31;-6;43;
-31;-5;40;
-36;-6;37;
-42;15;31;
-42;15;27;
-35;21;27;
-30;26;24;
-29;26;17;
-27;25;10;
-22;19;7;
-18;14;6;
-18;14;6;
19;14;6;
19;13;-13;
39;13;-13;
60;12;-19;
76;10;-20;
93;10;-26;
117;-6;-42;
143;-6;-60;
168;25;-66;
199;25;-76;
250;25;-98;
324;23;-98;
410;21;-86;
505;21;-86;
622;21;-125;
750;18;-201;
874;18;-224;
983;23;-224;
1078;50;-188;
1197;78;-188;
1395;103;-207;
1715;130;-207;
2047;147;-203;
2047;176;-131;
2047;176;-53;
2047;130;-53;
1990;69;19;
1721;57;19;
1528;49;-134;
1409;49;-134;
1323;-28;-211;
1228;-23;-264;
1105;-28;-264;
958;17;-264;
814;17;-222;
682;17;-169;
573;17;-119;
476;23;-80;
384;30;-57;
304;30;-47;
231;30;-39;
164;21;-33;
102;13;-31;
102;13;-31;
-78;-2;-33;
-78;-2;-36;
-142;6;-36;
-198;6;-41;
-252;14;-62;
-291;21;-92;
-324;25;-106;
-324;25;-106;
-283;22;-91;
-236;22;-65;
-193;22;-35;
-149;25;-35;
-108;25;21;
-68;25;21;
-68;21;21;
50;17;18;
50;15;10;
83;10;10;
111;6;-10;
129;5;-10;
129;2;-11;
124;2;-11;
105;2;-11;
88;2;21;
67;1;21;
46;1;32;
27;1;45;
27;2;54;
-12;-2;58;
-12;-2;58;
-14;-3;58;
-14;-5;53;
-9;-5;48;
-9;-4;44;
16;-4;42;
16;-2;38;
16;-2;33;
13;0;27;
6;0;22;
6;-4;15;
-5;-4;13;
-5;-7;13;
-5;-10;13;
-5;-11;19;
9;-12;29;
9;-12;37;
19;-11;37;
29;-11;36;
41;1;35;
52;1;35;
66;8;39;
85;10;39;
103;14;32;
116;35;32;
143;35;-80;
203;27;-80;
298;27;-97;
420;-8;-97;
551;-8;-97;
692;-9;-23;
840;-10;-50;
989;9;-50;
1143;9;-70;
1304;18;-86;
1462;30;-99;
1611;50;-103;
1740;55;-136;
1806;55;-149;
1810;36;-149;
1810;12;-78;
1727;12;-26;
1628;23;-12;
1544;38;-12;
1474;38;22;
1402;29;22;
1325;29;-62;
1257;-32;-62;
1188;-32;-119;
1105;-33;-159;
1004;-35;-159;
892;-38;-149;
777;-41;-118;
662;-47;-89;
552;-52;-70;
456;-55;-56;
371;-55;-52;
296;-53;-51;
231;-48;-46;
172;-38;-31;
115;-25;-14;
115;-25;-14;
-73;25;-2;
-73;25;-20;
-141;39;-20;
-197;49;-46;
-243;56;-79;
-277;61;-108;
-283;61;-123;
-283;55;-123;
-255;43;-95;
-217;34;-56;
-180;27;-56;
-148;19;38;
-118;12;38;
-89;7;51;
-58;6;51;
-58;6;46;
44;8;37;
44;12;25;
76;16;11;
100;17;11;
115;19;-13;
117;21;-11;
117;22;-11;
105;22;-11;
88;19;22;
67;16;22;
47;13;33;
27;10;43;
27;10;50;
-13;-9;50;
-13;-9;45;
-18;-15;34;
-20;-15;23;
-20;-13;14;
-19;-12;10;
-19;-10;7;
-17;-8;7;
-12;-8;8;
-9;-11;11;
-9;-13;16;
11;-16;18;
11;-19;21;
18;-23;21;
26;-24;20;
35;-26;18;
42;-26;17;
50;-26;17;
59;-26;22;
69;-26;26;
84;-21;26;
106;-16;24;
130;-16;19;
148;24;24;
169;24;-45;
206;-22;-45;
272;-13;-80;
365;-13;-80;
478;-13;-80;
606;-20;-91;
744;-32;-139;
882;-32;-181;
1023;-25;-204;
1162;-25;-204;
1303;31;-205;
1477;20;-212;
1709;31;-244;
1928;-18;-244;
1943;-15;-175;
1943;-18;-84;
1817;65;-45;
1697;65;-44;
1582;78;-45;
1487;81;-62;
1415;81;-112;
1348;52;-174;
1273;52;-215;
1183;-20;-215;
1075;-20;-213;
962;-32;-194;
844;-36;-174;
724;-36;-154;
607;-37;-128;
495;-37;-101;
399;-35;-74;
315;-27;-56;
247;-19;-51;
192;-19;-50;
141;-23;-49;
91;-25;-42;
91;-25;-33;
-78;-20;-33;
-78;-15;-41;
-139;-15;-61;
-190;29;-79;
-228;29;-87;
-254;32;-87;
-262;32;-83;
-262;27;-68;
-242;18;-46;
-212;10;-46;
-180;5;12;
-146;1;12;
-112;1;18;
-79;4;20;
-45;7;20;
-45;11;18;
46;15;12;
46;17;12;
63;20;-7;
77;20;-5;
83;18;-7;
83;16;12;
70;12;12;
53;12;21;
40;-6;28;
28;-6;36;
19;-8;45;
14;-9;47;
10;-9;47;
7;-7;46;
6;-6;43;
5;-5;36;
2;-5;29;
1;-6;26;
1;-8;26;
-7;-9;27;
-7;-9;27;
-13;-8;24;
-16;-4;23;
-16;-4;23;
-13;-1;23;
-13;2;21;
13;2;16;
13;2;14;
25;-10;13;
39;-10;9;
55;-14;9;
69;-20;-12;
84;-25;-12;
97;-30;-23;
109;-30;-40;
121;-26;-48;
138;-18;-64;
178;-18;-91;
232;10;-100;
304;10;-100;
397;10;-92;
505;10;-92;
622;10;-170;
767;16;-266;
930;11;-317;
1058;20;-317;
1147;20;-297;
1215;37;-290;
1305;62;-290;
1459;62;-344;
1663;50;-344;
1858;37;-251;
1982;37;-125;
1982;31;-49;
1842;13;-49;
1640;10;-94;
1496;10;-170;
1395;19;-259;
1328;24;-327;
1250;24;-353;
1151;22;-353;
1039;21;-319;
922;21;-278;
815;-25;-237;
719;-25;-190;
623;-40;-149;
539;-47;-116;
470;-51;-98;
412;-51;-90;
363;-52;-82;
317;-52;-70;
272;-49;-52;
226;-40;-32;
164;-33;-14;
88;-23;-3;
88;-23;-3;
-143;40;-10;
-143;40;-30;
-203;61;-61;
-246;69;-92;
-281;69;-115;
-292;60;-115;
-292;55;-110;
-270;44;-85;
-245;36;-53;
-211;31;-24;
-178;27;-24;
-145;23;13;
-109;22;13;
-74;19;14;
-40;19;15;
-40;20;15;
50;20;15;
50;20;12;
70;20;12;
90;19;15;
101;17;19;
105;14;25;
105;10;33;
103;10;42;
98;-2;47;
89;-2;49;
75;-10;51;
59;-18;54;
42;-23;57;
26;-29;57;
26;-32;51;
-17;-32;44;
-17;-31;37;
-22;-30;30;
-26;-29;20;
-29;-25;10;
-33;-21;10;
-39;-15;-5;
-39;-7;-5;
-38;-7;-7;
-31;11;-11;
-17;11;-15;
-17;14;-15;
16;14;-15;
16;9;2;
25;5;2;
38;5;-4;
54;5;-4;
72;-3;-17;
92;-3;-37;
116;-7;-37;
142;-14;-33;
187;17;-33;
242;17;-49;
313;17;-54;
401;12;-54;
497;12;-30;
591;20;-30;
698;21;-103;
815;21;-164;
930;45;-164;
1051;90;-160;
1190;143;-160;
1359;173;-221;
1615;173;-260;
1928;159;-260;
2047;136;-177;
2047;104;-177;
2047;41;85;
1855;6;53;
1645;6;85;
1488;12;-134;
1394;15;-134;
1337;15;-206;
1283;11;-208;
1216;9;-208;
1119;9;-183;
999;4;-163;
868;4;-143;
746;7;-121;
649;15;-99;
568;25;-94;
492;34;-93;
420;34;-84;
351;33;-78;
286;30;-71;
219;24;-59;
147;24;-44;
80;24;-30;
80;24;-18;
-109;24;-18;
-109;20;-18;
-166;20;-24;
-213;25;-37;
-252;31;-61;
-279;37;-83;
-281;38;-91;
-281;41;-91;
-250;41;-83;
-216;35;-66;
-187;25;-42;
-157;15;-21;
-127;10;-21;
-100;8;19;
-72;8;19;
-44;-8;19;
-44;-8;19;
67;-12;11;
67;-14;4;
96;-16;4;
118;-16;-6;
128;-17;-6;
128;-19;-6;
117;-19;-6;
105;-18;17;
89;-17;17;
73;-18;26;
57;-18;39;
38;-18;49;
24;-18;55;
15;-19;61;
7;-21;61;
7;-23;60;
-3;-23;55;
-3;-20;48;
-6;-15;43;
-8;-13;35;
-8;-8;24;
-7;-8;16;
-7;10;12;
-7;10;9;
-7;16;8;
-5;19;7;
-5;21;7;
16;21;11;
16;21;17;
27;20;18;
39;12;18;
56;6;18;
72;6;18;
89;-7;-11;
114;-7;-11;
137;15;-21;
162;10;-48;
209;15;-86;
268;-8;-86;
331;-5;-82;
411;-8;-17;
506;13;-17;
618;11;-86;
735;1;-159;
870;1;-179;
1030;10;-179;
1216;32;-165;
1411;76;-165;
1616;116;-265;
1865;116;-304;
2047;103;-304;
2047;83;-178;
2047;58;-178;
1876;58;26;
1658;63;26;
1488;63;-63;
1380;61;-63;
1315;38;-121;
1266;16;-173;
1204;2;-192;
1124;2;-192;
1026;6;-170;
918;9;-155;
805;9;-150;
694;9;-137;
590;13;-119;
501;16;-102;
427;16;-87;
362;14;-69;
300;10;-53;
235;7;-34;
170;7;-34;
105;3;5;
105;9;5;
-96;9;-28;
-96;15;-28;
-159;21;-54;
-212;21;-84;
-255;18;-111;
-286;18;-121;
-299;19;-121;
-299;19;-113;
-273;16;-96;
-238;14;-74;
-204;11;-47;
-177;7;-47;
-147;4;30;
-116;4;30;
-87;3;35;
-57;4;37;
-57;-10;39;
61;-10;41;
61;-14;41;
98;-16;39;
125;-16;31;
142;-15;21;
151;-15;19;
151;-18;19;
141;-18;19;
123;-16;26;
96;-12;30;
65;-10;32;
37;-8;35;
37;-6;39;
-15;-5;39;
-15;-4;39;
-22;-4;37;
-29;-4;35;
-35;7;27;
-40;7;17;
-46;11;8;
-49;14;8;
-51;14;-3;
-52;14;-2;
-52;14;-3;
-48;13;3;
-40;11;3;
-26;10;5;
-26;6;5;
24;2;5;
24;1;9;
45;1;12;
64;0;12;
81;0;14;
97;1;-5;
109;15;-5;
120;34;-18;
142;34;-55;
183;21;-100;
236;19;-119;
313;19;-119;
428;26;-119;
581;26;-119;
744;26;-134;
890;28;-134;
1012;52;-111;
1125;73;-108;
1247;102;-108;
1398;102;-143;
1656;99;-206;
1912;54;-206;
1997;54;-164;
1997;-26;-117;
1826;-26;-85;
1658;25;-70;
1513;25;-70;
1420;43;-89;
1358;61;-118;
1295;75;-141;
1230;81;-153;
1160;82;-153;
1083;82;-151;
1012;77;-131;
942;60;-103;
872;36;-75;
803;23;-58;
742;19;-58;
681;17;-67;
618;17;-79;
552;16;-92;
485;11;-100;
415;6;-100;
348;4;-93;
285;4;-73;
215;2;-45;
141;8;-25;
72;8;-25;
72;14;11;
-138;19;8;
-138;22;8;
-198;22;8;
-250;21;-39;
-284;17;-39;
-303;10;-57;
-303;5;-66;
-284;4;-66;
-250;4;-62;
-219;2;-52;
-195;2;-31;
-170;2;-31;
-140;6;22;
-110;9;22;
-78;11;28;
-78;12;28;
48;12;27;
48;11;24;
92;9;19;
132;9;17;
159;10;13;
174;10;9;
174;9;6;
166;6;6;
147;3;10;
126;1;20;
101;1;30;
77;1;37;
55;-2;45;
36;-6;53;
19;-6;53;
19;-9;51;
-23;-10;45;
-23;-14;36;
-30;-14;31;
-36;-14;24;
-40;-14;14;
-40;-12;14;
-40;-9;-9;
-37;-7;-9;
-30;-6;-9;
-22;-3;-8;
-13;-3;-8;
-13;-3;17;
26;-4;17;
26;-7;25;
43;-11;32;
69;-11;32;
108;-10;31;
146;-10;31;
186;15;-64;
261;11;-64;
369;11;-106;
506;11;-106;
689;7;-56;
883;25;-56;
1069;25;-139;
1222;25;-178;
1247;25;-178;
1247;26;-110;
1220;49;-68;
1204;64;-68;
1175;72;-93;
1145;94;-123;
1120;94;-123;
1104;90;-125;
1098;56;105;
1074;30;105;
1025;25;163;
953;23;163;
866;23;135;
782;-9;102;
710;-9;75;
649;-9;75;
594;-9;-37;
534;-9;-37;
478;-11;-37;
424;-12;-39;
369;-16;23;
317;-16;23;
265;-9;30;
215;-3;31;
167;-2;31;
123;-2;31;
81;-5;25;
42;-7;19;
42;-7;19;
-18;-3;-17;
-18;-3;-17;
-18;1;-20;
-19;1;-20;
23;2;-17;
23;5;-14;
49;9;-10;
78;10;-10;
110;14;2;
150;17;2;
193;20;3;
240;21;6;
285;21;10;
328;20;11;
371;18;11;
410;17;11;
444;15;11;
474;15;9;
497;16;7;
505;17;7;
505;19;3;
489;22;4;
467;23;4;
444;23;12;
419;23;19;
395;20;29;
371;18;40;
356;17;48;
342;14;55;
332;12;60;
329;12;66;
329;12;71;
331;13;72;
339;15;72;
346;16;67;
357;19;56;
368;22;45;
378;24;36;
385;24;28;
389;23;22;
389;23;17;
389;23;10;
385;22;5;
378;19;4;
370;18;4;
362;17;-5;
355;16;-5;
349;14;-5;
342;12;7;
336;11;7;
334;10;11;
334;9;12;
334;8;14;
336;7;15;
340;6;15;
344;6;14;
349;7;14;
353;7;12;
357;8;11;
359;9;11;
361;12;10;
361;15;10;
361;19;9;
361;22;9;
361;24;9;
361;24;9;
362;24;12;
362;23;12;
362;21;13;
360;19;13;
358;17;14;
356;15;14;
355;14;14;
352;14;13;
351;14;10;
350;14;9;
349;13;8;
349;13;8;
349;13;6;
350;13;5;
351;14;3;
351;14;3;
352;13;2;
355;13;2;
356;13;2;
357;13;-2;
359;12;-2;
359;12;-3;
358;12;-3;
358;11;-5;
358;11;2;
360;12;2;
360;12;-7;
359;11;-7;
357;11;-10;
356;10;-10;
355;10;-7;
354;10;-7;
353;10;4;
352;11;4;
351;12;4;
349;12;5;
348;11;5;
348;11;5;
349;12;5;
356;19;5;
359;21;4;
361;21;4;
362;21;-9;
362;21;-9;
360;16;-9;
360;16;-8;
360;16;-8;
357;16;-8;
357;15;-8;
356;15;-5;
355;15;-5;
355;15;0;
354;17;0;
354;17;-4;
355;18;-4;
356;17;-5;
356;17;-6;
356;15;-6;
356;15;-5;
356;14;-5;
357;14;2;
358;14;2;
359;14;2;
360;16;2;
360;16;2;
361;17;2;
362;18;2;
364;19;2;
365;19;-2;
365;19;-2;
365;17;-4;
364;15;-4;
363;15;-4;
362;15;0;
359;13;0;
358;12;-1;
355;12;-1;
353;11;1;
353;11;1;
353;11;-2;
353;11;-2;
352;10;-3;
351;8;-3;
351;8;-2;
354;8;-2;
354;8;1;
354;8;1;
354;8;4;
354;9;5;
354;10;5;
355;12;4;
357;13;3;
359;14;3;
359;15;-2;
360;15;-2;
360;15;-3;
359;14;-3;
359;12;-5;
359;12;-5;
360;12;-7;
361;14;-8;
361;15;-8;
360;15;-6;
359;15;-5;
357;16;-4;
356;16;-2;
354;16;-2;
353;14;-2;
352;13;0;
352;12;0;
352;11;0;
352;10;0;
354;9;-5;
355;8;-4;
356;7;-5;
357;7;3;
357;7;3;
357;9;3;
357;10;3;
357;10;-4;
357;11;-4;
358;11;-4;
358;11;-5;
357;11;2;
356;10;2;
356;10;4;
356;10;6;
356;11;6;
356;12;6;
356;12;7;
356;13;8;
356;14;8;
356;14;8;
356;14;7;
356;13;7;
356;13;7;
356;13;7;
356;13;7;
357;13;6;
357;13;4;
357;13;4;
357;13;7;
357;13;9;
357;15;9;
357;15;10;
356;14;11;
356;13;11;
355;12;9;
355;11;7;
356;11;6;
356;10;5;
358;10;4;
358;10;4;
358;11;3;
358;11;4;
358;12;4;
357;12;6;
357;12;8;
357;12;8;
357;11;8;
356;11;6;
356;11;4;
356;10;4;
356;10;4;
356;10;6;
357;10;6;
358;9;6;
358;9;4;
359;9;4;
359;9;4;
359;10;4;
359;10;5;
359;10;5;
359;10;5;
359;10;5;
359;10;4;
359;11;4;
358;12;5;
358;12;5;
357;13;3;
358;14;3;
358;14;3;
358;14;3;
358;14;1;
358;14;1;
358;14;1;
358;14;1;
357;14;1;
357;14;-2;
357;14;-2;
357;14;-2;
358;14;-3;
358;15;-2;
358;15;2;
358;15;5;
358;15;5;
357;14;8;
357;13;8;
357;13;7;
356;13;6;
355;12;4;
355;11;3;
355;11;3;
356;11;1;
356;12;1;
357;13;1;
357;13;2;
358;14;2;
360;15;2;
361;17;3;
361;19;5;
363;19;5;
363;19;3;
363;21;3;
362;21;-1;
360;20;-1;
358;19;-2;
357;19;-2;
355;19;4;
354;17;1;
354;17;1;
354;18;1;
354;18;1;
355;18;3;
355;18;7;
356;18;7;
356;18;7;
356;18;6;
357;18;4;
358;17;4;
359;15;4;
359;15;3;
359;15;3;
359;14;4;
359;13;4;
358;13;4;
358;13;5;
358;13;5;
358;14;5;
358;14;6;
358;12;6;
357;12;6;
357;12;5;
356;12;5;
356;12;5;
355;12;6;
355;12;6;
355;12;6;
355;14;6;
356;14;6;
356;14;4;
358;14;2;
358;14;2;
359;13;2;
359;13;2;
359;13;2;
359;14;4;
359;14;6;
359;15;8;
358;16;9;
358;17;9;
357;17;6;
357;16;6;
357;15;6;
357;15;-2;
357;16;-1;
358;16;-2;
358;15;-2;
358;15;-4;
358;16;-3;
358;16;-3;
357;17;-3;
357;17;2;
358;18;1;
358;18;1;
358;19;1;
358;19;1;
358;19;2;
357;19;2;
356;19;3;
356;18;3;
355;16;3;
354;14;4;
353;12;4;
353;11;4;
353;10;2;
353;10;2;
355;12;-1;
355;12;-1;
356;13;-1;
358;14;-1;
359;14;-1;
360;14;5;
360;14;5;
360;13;6;
360;13;6;
360;13;7;
359;12;8;
358;12;9;
358;12;9;
358;12;6;
358;13;5;
358;13;5;
357;13;9;
355;13;13;
355;14;17;
356;14;17;
356;15;17;
356;15;11;
357;16;4;
358;16;1;
358;15;1;
359;15;3;
359;15;6;
360;15;6;
360;15;6;
360;14;8;
360;13;10;
359;13;10;
358;13;11;
357;13;11;
357;13;11;
357;13;11;
356;13;11;
355;13;10;
355;14;10;
355;14;10;
354;14;10;
354;14;10;
354;13;10;
354;12;11;
354;12;11;
354;12;11;
354;11;12;
355;11;13;
356;11;13;
357;12;13;
359;13;14;
360;13;14;
361;13;15;
361;13;15;
360;13;18;
359;14;19;
359;14;19;
358;13;19;
357;13;15;
356;13;13;
356;13;12;
355;12;12;
355;12;12;
355;13;12;
355;13;12;
355;13;11;
355;13;9;
356;14;8;
356;14;8;
356;13;9;
356;13;9;
356;13;9;
356;13;9;
356;13;9;
356;13;9;
356;13;9;
356;13;7;
356;14;6;
356;14;6;
356;15;6;
355;15;6;
355;15;7;
355;14;8;
355;14;8;
355;13;10;
355;13;11;
357;13;12;
357;12;12;
357;12;12;
357;12;13;
358;12;13;
358;12;12;
358;12;12;
358;12;11;
358;13;11;
358;13;10;
359;13;10;
359;13;9;
359;12;8;
359;12;8;
358;12;9;
358;12;10;
358;12;10;
358;12;12;
359;12;12;
359;12;11;
358;12;10;
358;13;8;
357;13;5;
356;13;5;
355;12;9;
354;12;13;
354;12;13;
354;12;12;
355;12;8;
356;12;2;
356;11;2;
357;11;2;
357;11;6;
358;11;6;
359;12;11;
359;12;13;
359;13;13;
359;13;13;
358;14;12;
359;14;10;
359;14;10;
359;14;10;
358;13;10;
358;13;10;
357;13;10;
357;13;9;
356;13;9;
355;13;9;
355;13;8;
355;13;7;
355;13;7;
355;12;8;
356;12;9;
357;12;10;
357;11;10;
357;11;11;
357;10;10;
357;10;10;
357;10;8;
358;10;7;
359;12;7;
360;13;7;
360;13;8;
360;14;9;
359;14;10;
358;14;10;
358;14;9;
357;14;6;
357;14;6;
357;14;6;
356;14;9;
356;14;11;
355;14;12;
355;14;12;
355;14;10;
355;14;9;
355;14;8;
356;14;8;
356;13;9;
356;13;10;
356;13;10;
357;12;10;
357;11;8;
358;11;5;
358;12;4;
358;12;4;
358;12;4;
358;12;6;
359;12;7;
359;12;9;
359;12;9;
359;13;7;
358;13;7;
358;12;8;
358;12;9;
358;12;9;
358;12;6;
358;12;6;
357;11;5;
357;10;5;
355;10;6;
355;10;6;
354;10;7;
354;10;8;
354;10;8;
355;10;7;
355;10;6;
355;11;6;
356;12;6;
356;12;6;
355;12;8;
355;12;9;
356;12;9;
356;12;9;
356;12;8;
356;12;6;
356;12;4;
357;12;4;
357;11;8;
357;10;13;
358;10;15;
358;10;15;
359;11;11;
359;11;8;
359;12;8;
360;12;-2;
360;13;-2;
361;15;2;
362;16;2;
362;17;3;
360;18;3;
360;18;2;
358;17;2;
357;16;4;
357;16;5;
355;15;5;
355;14;5;
356;13;8;
357;12;8;
357;11;7;
356;11;7;
356;10;7;
356;10;5;
356;10;3;
357;9;3;
358;9;3;
358;9;3;
358;8;5;
357;8;7;
357;8;7;
357;8;6;
358;8;6;
358;8;6;
357;9;6;
357;10;6;
357;11;6;
358;11;8;
358;11;8;
359;11;8;
359;11;6;
359;11;4;
358;11;2;
357;10;2;
357;9;3;
356;9;3;
355;9;3;
355;10;2;
354;10;1;
354;10;1;
354;10;2;
354;9;3;
355;9;3;
356;9;4;
356;9;4;
357;9;1;
357;9;1;
357;8;1;
356;8;1;
355;8;1;
354;7;0;
354;7;-1;
352;5;-3;
352;5;-2;
352;4;-2;
350;4;-2;
347;3;-2;
344;3;-3;
343;3;0;
342;3;0;
341;4;1;
340;4;2;
340;5;-3;
342;5;-3;
344;5;-6;
347;6;-7;
351;8;-7;
354;9;-6;
357;12;-5;
360;15;-5;
361;16;2;
361;17;2;
360;18;4;
360;18;5;
358;17;6;
355;15;8;
354;14;8;
352;13;8;
348;12;8;
345;11;8;
341;11;7;
338;11;5;
338;11;2;
338;12;2;
339;12;-5;
340;13;-5;
340;13;6;
342;14;6;
344;15;6;
347;15;7;
352;15;-10;
355;15;-10;
359;15;-11;
364;13;-12;
369;11;-12;
375;10;-11;
382;10;-11;
388;10;-14;
392;9;-16;
395;7;-16;
399;7;-16;
401;6;-12;
401;5;-8;
399;4;-7;
398;4;-5;
395;4;-4;
389;4;-4;
384;4;-4;
378;5;-7;
373;5;-9;
371;6;-11;
369;7;-16;
366;8;-18;
362;9;-18;
356;10;-18;
349;11;-17;
343;12;-17;
336;12;-18;
329;13;-20;
323;15;-23;
316;15;-24;
311;16;-25;
308;16;-29;
304;16;-32;
303;15;-34;
303;15;-39;
303;13;-42;
303;13;-42;
305;12;-42;
307;9;-40;
307;7;-40;
307;7;-39;
304;5;-39;
299;5;-37;
290;3;-37;
279;3;-35;
268;3;-32;
257;4;-29;
247;4;-28;
239;5;-27;
231;5;-28;
225;5;-34;
218;6;-38;
216;6;-43;
216;5;-46;
218;5;-47;
218;5;-47;
216;5;-46;
211;6;-43;
202;6;-39;
194;6;-31;
184;5;-23;
174;8;-13;
171;-4;-13;
171;-4;6;
173;-4;5;
179;-5;3;
189;9;3;
210;9;-5;
228;16;-3;
254;18;-5;
290;21;11;
328;27;11;
369;27;16;
416;32;16;
460;32;16;
507;34;-35;
551;36;-35;
590;36;-52;
625;34;-64;
653;34;-66;
674;34;-66;
689;34;-61;
703;38;-54;
721;42;-42;
746;43;-32;
776;46;-23;
818;46;-23;
862;49;-21;
902;49;-21;
961;44;-21;
1018;39;-25;
1070;37;-46;
1128;35;-81;
1170;35;-128;
1172;37;-171;
1172;40;-202;
1141;40;-222;
1097;37;-222;
1037;36;-209;
965;28;-181;
884;21;-127;
802;11;-61;
735;10;-61;
687;10;64;
663;16;64;
663;30;64;
671;45;54;
671;73;54;
663;102;-93;
616;102;-93;
544;96;-138;
463;80;-138;
363;67;-113;
242;67;-74;
242;69;-50;
-180;79;-50;
-180;79;-64;
-303;78;-100;
-397;71;-147;
-445;49;-186;
-445;35;-195;
-378;26;-195;
-299;16;-185;
-236;14;-170;
-183;13;-141;
-136;13;-109;
-102;13;-77;
-75;-20;-47;
-47;-20;-47;
-47;-33;30;
19;-42;30;
19;-53;46;
37;-65;57;
55;-66;59;
71;-66;59;
80;-62;54;
80;-50;54;
81;-39;57;
81;-31;67;
79;-20;79;
73;-9;87;
63;-9;94;
52;7;97;
42;7;97;
36;15;88;
34;18;80;
33;18;74;
31;14;67;
28;12;60;
23;8;58;
16;5;53;
9;4;43;
9;4;33;
-15;5;26;
-15;5;21;
-20;6;16;
-21;9;9;
-21;9;4;
-23;9;4;
-23;8;-6;
-21;8;-5;
-21;12;-5;
14;18;-6;
14;25;-6;
20;31;-15;
30;37;-27;
38;37;-43;
55;32;-53;
80;31;-53;
106;31;-54;
130;31;-52;
148;31;-54;
166;33;61;
194;38;61;
231;38;-102;
302;46;-58;
384;13;-58;
487;17;-58;
652;12;-84;
839;17;-155;
1013;22;-155;
1203;64;-114;
1416;102;-76;
1669;120;-76;
1961;134;-137;
2047;138;-195;
2047;138;-195;
2047;114;-157;
1996;114;-129;
1884;116;-119;
1797;116;-119;
1714;104;-119;
1613;80;-111;
1506;60;-105;
1383;60;-105;
1250;58;-110;
1122;55;-112;
985;55;-112;
848;57;-106;
721;61;-96;
608;61;-86;
515;40;-79;
435;40;-68;
370;-35;-59;
311;-35;-49;
250;-35;-32;
185;-34;-16;
107;-34;-10;
107;38;-10;
-172;38;-28;
-172;53;-62;
-245;63;-103;
-298;63;-131;
-330;56;-131;
-330;48;-131;
-321;38;-113;
-294;34;-87;
-254;33;-58;
-207;30;-33;
-163;29;-25;
-121;28;-25;
-75;18;-25;
-39;13;-21;
-39;13;-21;
39;-13;23;
39;-13;23;
61;-13;36;
82;-13;49;
97;-13;58;
102;-10;60;
106;-10;61;
106;-13;60;
105;-14;60;
94;-14;54;
80;-12;45;
63;-12;38;
43;-12;38;
22;-12;38;
22;-12;43;
-9;-9;45;
-9;-9;46;
-12;5;46;
-15;5;44;
-15;9;42;
-15;15;36;
-16;17;32;
-18;17;28;
-22;17;19;
-22;14;11;
-22;10;11;
-15;5;-11;
-15;3;-11;
17;3;-19;
17;3;-26;
29;6;-30;
40;10;-30;
49;14;-26;
57;14;-20;
64;9;-20;
64;9;14;
64;-10;14;
75;-10;14;
97;-19;16;
129;-25;14;
150;-32;20;
178;-34;-98;
227;-34;-98;
319;-33;-121;
438;-33;-121;
558;47;-88;
691;47;-88;
857;51;-124;
1035;79;-124;
1228;127;-117;
1437;163;-117;
1640;184;-189;
1901;184;-305;
2047;175;-351;
2047;164;-351;
2047;161;-273;
2047;161;-170;
1874;174;-102;
1706;174;-69;
1582;151;-69;
1483;114;-87;
1383;61;-143;
1272;61;-191;
1142;-10;-208;
994;-10;-208;
839;13;-207;
698;13;-196;
579;18;-163;
481;19;-122;
389;19;-86;
298;19;-57;
216;16;-39;
144;15;-32;
77;11;-32;
77;6;-34;
-123;6;-37;
-123;12;-45;
-185;21;-57;
-240;32;-77;
-288;36;-99;
-318;36;-120;
-318;36;-126;
-303;36;-126;
-271;43;-105;
-228;43;-73;
-184;43;-37;
-145;38;-37;
-109;35;33;
-76;31;33;
-76;21;37;
52;10;37;
52;10;33;
89;-11;25;
117;-10;13;
131;-10;6;
131;-9;6;
120;-9;7;
104;-9;12;
83;-11;18;
63;-11;27;
45;-11;38;
28;-10;48;
14;-10;57;
4;-12;61;
3;-14;61;
3;-14;60;
8;-12;60;
13;-11;59;
15;-9;55;
15;-8;48;
10;-5;41;
10;-5;31;
-10;1;20;
-10;1;11;
-10;2;11;
-11;2;-7;
-11;1;-7;
-11;1;-8;
-11;-5;-8;
14;-4;-8;
14;-4;4;
25;-2;4;
38;-1;4;
48;-1;3;
56;-4;3;
61;-4;5;
69;-4;-11;
88;-5;-11;
108;18;-18;
137;16;-19;
184;16;-34;
247;16;-52;
335;12;-52;
454;12;-4;
590;25;-4;
734;25;-63;
870;17;-131;
997;17;-175;
1133;41;-175;
1264;64;-176;
1417;77;-176;
1602;77;-263;
1799;69;-270;
1973;43;-270;
1973;43;-160;
1930;16;-160;
1769;15;18;
1654;15;18;
1571;20;-148;
1507;25;-148;
1446;25;-260;
1353;19;-305;
1241;7;-305;
1125;7;-246;
1000;13;-187;
873;24;-148;
753;36;-129;
642;45;-126;
540;52;-123;
450;52;-121;
369;51;-103;
288;41;-90;
211;33;-83;
149;25;-66;
100;25;-44;
63;31;-44;
63;31;11;
-71;30;7;
-71;30;11;
-124;41;-32;
-178;43;-32;
-224;43;-57;
-255;40;-77;
-268;29;-77;
-268;17;-75;
-250;13;-51;
-218;7;-25;
-186;7;-25;
-151;-1;32;
-115;-1;32;
-79;1;35;
-45;1;35;
-45;-1;31;
62;-1;24;
62;5;16;
93;4;7;
117;3;7;
129;3;-4;
129;-8;-4;
117;-8;-4;
102;-9;13;
84;-14;13;
65;-16;24;
49;-17;38;
35;-19;51;
21;-24;64;
21;-28;72;
-14;-31;72;
-14;-32;72;
-21;-32;64;
-28;-32;51;
-35;-26;35;
-40;-17;35;
-42;-14;-21;
-42;-12;-21;
-37;-12;-24;
-35;8;-24;
-35;8;-20;
-35;13;-12;
-33;13;-12;
-24;13;23;
-24;11;23;
20;10;32;
20;6;32;
42;3;28;
69;3;18;
100;-11;18;
134;-8;-32;
173;-11;-32;
221;13;-60;
263;13;-67;
307;13;-86;
364;13;-91;
456;13;-91;
568;-5;-91;
703;-3;-97;
867;-5;-97;
1029;12;-95;
1171;12;-47;
1310;40;-47;
1479;42;-124;
1706;42;-221;
1967;14;-221;
2047;14;-205;
2047;-35;-138;
2047;-35;-114;
1907;-35;-114;
1754;-20;-150;
1640;-9;-175;
1544;-9;-175;
1446;2;-169;
1333;1;-152;
1210;2;-137;
1075;-13;-137;
935;-13;-139;
802;-13;-153;
685;-10;-153;
581;-5;-150;
487;-4;-119;
402;-4;-75;
327;-2;-35;
258;-2;-35;
190;7;17;
129;7;15;
71;10;17;
71;14;18;
-136;20;18;
-136;31;18;
-198;49;-49;
-247;62;-49;
-287;62;-86;
-311;52;-109;
-311;37;-109;
-286;29;-99;
-251;17;-78;
-219;11;-54;
-190;9;-32;
-163;8;-15;
-134;8;-15;
-100;9;15;
-58;9;15;
-58;11;18;
82;11;19;
82;11;19;
121;5;12;
150;5;9;
166;-10;7;
166;-10;5;
150;-16;2;
129;-18;2;
107;-19;4;
83;-22;5;
59;-22;10;
33;-17;18;
33;-15;31;
-26;-14;43;
-26;-12;50;
-35;-12;53;
-37;2;53;
-37;2;53;
-30;3;47;
-20;3;39;
-16;5;29;
-16;8;16;
-17;8;16;
-23;8;-16;
-23;7;-16;
-22;6;-23;
-16;3;-23;
-16;0;-21;
10;0;-19;
10;0;-12;
21;7;-12;
32;10;4;
46;10;4;
62;7;9;
80;7;13;
99;-6;13;
123;-4;12;
158;-6;10;
198;-6;12;
244;-10;-84;
300;-20;-69;
367;-20;-69;
443;-28;-15;
532;18;-15;
648;18;-66;
780;25;-75;
912;50;-77;
1049;69;-104;
1190;87;-113;
1344;87;-128;
1562;83;-209;
1850;60;-284;
2047;55;-284;
2047;55;-193;
2047;68;-79;
2047;69;-62;
1869;87;-55;
1621;99;-62;
1442;99;-66;
1324;91;-109;
1235;59;-162;
1164;27;-201;
1085;27;-215;
985;-29;-215;
871;-29;-196;
746;-42;-162;
625;-52;-117;
518;-55;-76;
420;-56;-58;
331;-59;-49;
254;-59;-45;
186;-59;-42;
119;-48;-33;
119;-40;-23;
-89;-31;-10;
-89;-31;-6;
-149;13;-6;
-199;13;-15;
-232;21;-41;
-254;31;-70;
-258;42;-82;
-258;44;-82;
-235;44;-79;
-207;39;-62;
-182;32;-40;
-163;21;-40;
-144;15;38;
-124;9;38;
-99;5;40;
-70;5;40;
-70;-10;26;
45;-10;12;
45;-14;12;
82;-15;-2;
110;-19;-2;
127;-19;-3;
127;-18;-3;
124;-13;-3;
105;-6;-3;
84;-2;11;
66;-2;11;
46;-2;17;
27;2;24;
13;2;34;
13;6;40;
-12;6;41;
-12;3;41;
-21;3;39;
-24;4;37;
-24;10;32;
-19;12;28;
-13;12;26;
-8;12;24;
-8;12;23;
7;11;22;
7;9;21;
9;9;15;
10;9;12;
12;6;10;
18;6;10;
22;-15;9;
22;-15;9;
28;-16;9;
44;-21;-35;
68;-21;-35;
100;-20;-49;
131;-20;-62;
166;-20;-62;
191;-4;-52;
210;-4;-20;
232;-12;-20;
275;-22;-27;
349;-41;-43;
457;-41;-43;
597;-30;-43;
753;-30;27;
913;84;27;
1093;84;-139;
1288;156;-139;
1528;212;-245;
1819;212;-365;
2047;208;-487;
2047;153;-487;
2047;94;-418;
2047;53;-227;
1909;22;-227;
1715;17;38;
1568;17;38;
1477;39;-59;
1381;44;-59;
1264;46;-121;
1136;53;-195;
1015;53;-245;
898;41;-246;
785;31;-246;
671;31;-213;
567;-50;-173;
473;-50;-132;
384;-71;-95;
302;-83;-58;
219;-83;-27;
143;-81;-27;
73;-69;23;
73;-53;19;
-132;-36;23;
-132;-22;-32;
-193;-22;-32;
-237;37;-58;
-263;37;-75;
-263;37;-88;
-258;37;-88;
-238;25;-87;
-203;20;-71;
-172;15;-47;
-160;7;-20;
-155;7;-20;
-144;-3;5;
-133;-3;4;
-109;6;5;
-75;6;-12;
-75;12;-12;
39;16;-19;
39;18;-19;
79;18;-17;
108;14;-11;
124;10;-11;
124;10;12;
121;-11;12;
108;-11;22;
91;-13;33;
72;-15;41;
52;-20;46;
35;-20;48;
22;-19;48;
12;-19;44;
7;-13;40;
4;-7;38;
4;-7;37;
4;1;37;
4;1;37;
5;4;36;
-1;10;34;
-1;16;33;
-3;19;33;
-4;20;33;
-5;20;31;
-5;18;27;
-5;15;20;
20;12;20;
20;8;-11;
37;8;-11;
52;-8;-17;
70;-8;-17;
86;-9;-17;
100;-9;-23;
123;-12;-25;
148;13;-47;
184;12;-77;
233;13;-118;
283;13;-118;
342;13;-93;
429;13;-93;
547;18;-143;
694;20;-237;
851;22;-305;
1015;25;-305;
1197;31;-276;
1404;55;-276;
1650;84;-318;
1928;84;-435;
2047;52;-435;
2047;51;-321;
2047;46;-179;
1973;45;-106;
1718;41;-106;
1514;41;-139;
1373;49;-190;
1281;66;-239;
1207;66;-282;
1116;60;-290;
1019;40;-290;
919;22;-266;
816;22;-239;
720;-35;-202;
633;-35;-162;
550;-35;-141;
469;-32;-135;
397;-24;-127;
332;-15;-111;
268;-15;-86;
208;2;-56;
147;2;-24;
79;4;-24;
79;6;8;
-131;12;8;
-131;24;-35;
-184;33;-35;
-226;45;-61;
-253;53;-89;
-263;53;-106;
-263;41;-106;
-260;28;-86;
-245;24;-57;
-221;19;-27;
-197;12;-27;
-174;8;26;
-154;7;26;
-127;7;32;
-92;7;32;
-54;6;29;
-54;6;25;
58;-7;22;
58;-7;18;
89;-12;13;
117;-15;12;
135;-15;12;
135;-15;13;
131;-14;15;
114;-14;16;
94;-10;17;
74;-10;19;
56;6;24;
40;6;32;
25;6;40;
10;4;48;
10;4;52;
-11;6;57;
-11;6;57;
-19;6;57;
-27;6;54;
-27;6;48;
-27;6;42;
-23;3;35;
-18;3;26;
-14;4;18;
-13;4;11;
-13;4;11;
21;-5;-12;
21;-5;-12;
43;-5;-19;
65;-6;-19;
82;4;-15;
96;4;-15;
110;7;-16;
128;7;-16;
150;18;-19;
180;18;-21;
228;-17;-36;
292;-17;-63;
378;-27;-99;
502;-46;-99;
667;-63;-76;
853;-63;-76;
1036;-53;-91;
1238;-53;-143;
1469;37;-191;
1710;37;-235;
1918;37;-266;
2022;42;-266;
2022;-13;-225;
1922;-13;-143;
1807;-16;-61;
1710;-20;-45;
1655;38;-45;
1610;38;-82;
1536;57;-108;
1430;68;-122;
1319;96;-140;
1194;110;-162;
1058;110;-174;
925;103;-174;
800;89;-165;
680;74;-144;
569;65;-109;
469;53;-76;
377;38;-55;
291;25;-38;
212;25;-22;
136;-11;-12;
67;-11;-8;
67;-19;-8;
-108;-27;-23;
-108;-28;-42;
-165;-28;-67;
-215;-19;-90;
-251;-15;-108;
-276;-6;-118;
-287;-6;-118;
-287;4;-116;
-267;4;-99;
-237;-9;-71;
-208;-8;-42;
-184;-8;-42;
-158;-6;15;
-130;-4;15;
-94;-4;20;
-52;7;27;
-52;7;27;
73;11;27;
73;11;19;
104;11;9;
130;10;9;
144;9;-2;
144;5;-2;
142;2;13;
132;2;13;
116;1;22;
96;1;33;
76;1;46;
55;1;55;
35;6;62;
17;6;66;
17;3;66;
-7;3;65;
-7;2;65;
-13;3;61;
-20;-12;52;
-26;-12;39;
-32;-13;23;
-34;-13;23;
-34;-10;-24;
-33;-9;-24;
-30;-9;-32;
-28;-9;-32;
-24;5;-27;
-20;5;-18;
-13;6;-18;
-13;9;13;
18;9;13;
18;9;20;
35;11;20;
48;-4;20;
57;-4;17;
68;-8;7;
87;-8;7;
106;-10;-51;
135;-11;-51;
182;-32;-98;
254;-36;-98;
338;-36;-97;
446;-33;-31;
582;-21;-31;
743;-21;-58;
945;36;-146;
1194;36;-202;
1461;60;-213;
1697;96;-246;
1892;96;-362;
2047;77;-453;
2047;66;-453;
2047;56;-310;
2047;42;-162;
1884;42;-72;
1689;59;-58;
1530;82;-58;
1409;82;-102;
1316;78;-167;
1257;72;-216;
1238;71;-216;
1210;59;-185;
1144;48;-143;
1045;42;-111;
925;33;-81;
806;24;-59;
697;24;-46;
602;29;-40;
521;39;-40;
447;44;-51;
372;45;-68;
297;44;-86;
225;44;-96;
151;34;-96;
77;34;-89;
77;-15;-76;
-162;-15;-65;
-162;-15;-65;
-243;-11;-83;
-314;-11;-108;
-367;4;-129;
-376;1;-141;
-376;4;-141;
-348;-3;-115;
-305;-2;-83;
-259;-2;-51;
-220;2;-51;
-182;2;21;
-150;4;21;
-116;5;31;
-70;7;33;
-70;10;33;
84;11;25;
84;12;15;
127;12;15;
165;6;-5;
191;6;-5;
194;7;-8;
194;7;-9;
178;6;15;
150;6;15;
121;6;28;
95;10;45;
70;13;59;
45;14;69;
23;14;75;
23;12;75;
-17;9;75;
-17;9;71;
-25;-11;65;
-29;-10;54;
-29;-11;40;
-26;-12;28;
-21;-15;17;
-17;-15;17;
-11;-15;-11;
-11;-11;-11;
7;-8;-11;
7;-5;-13;
10;-1;18;
14;-1;18;
20;8;28;
26;8;28;
35;8;27;
45;7;24;
58;4;19;
74;4;13;
96;-5;13;
126;-3;-37;
165;-3;-37;
181;-10;-40;
205;-10;-80;
270;16;-163;
389;16;-163;
524;23;-130;
647;35;-123;
774;49;-123;
907;61;-123;
1002;90;-133;
1073;122;-152;
1157;135;-212;
1236;143;-290;
1254;143;-431;
1254;119;-444;
1253;93;-444;
1229;93;-444;
1170;106;248;
1039;109;235;
852;109;235;
686;109;169;
584;-52;109;
584;-46;109;
598;-51;-45;
656;-46;-45;
710;-46;-69;
751;-35;-94;
755;-35;-102;
755;26;-102;
716;26;-71;
660;38;-71;
593;49;28;
525;58;28;
463;61;30;
404;62;30;
348;62;19;
298;58;19;
255;51;-18;
217;41;-18;
187;32;-27;
166;23;-35;
154;14;-38;
145;8;-40;
140;5;-40;
140;4;-34;
142;4;-24;
144;4;-14;
149;5;-7;
157;6;-2;
166;6;-2;
174;6;-5;
184;6;-9;
193;6;-15;
202;6;-15;
214;6;-15;
226;6;-13;
242;7;-13;
257;7;-15;
272;8;-22;
288;8;-27;
300;10;-33;
311;11;-40;
320;12;-46;
327;15;-50;
333;15;-52;
339;15;-52;
345;16;-49;
351;16;-46;
353;16;-45;
356;15;-45;
360;14;-45;
361;13;-46;
365;12;-47;
370;12;-51;
373;13;-56;
373;13;-58;
370;13;-58;
367;13;-55;
363;14;-48;
361;14;-40;
357;14;-36;
353;16;-36;
353;19;-36;
351;20;-36;
347;21;-37;
347;21;-37;
348;21;-30;
350;21;-27;
354;22;-27;
360;22;-28;
360;23;-32;
360;23;-36;
360;20;-39;
355;20;-39;
355;17;-36;
354;17;-32;
354;18;-28;
356;18;-28;
357;17;-30;
361;17;-34;
361;17;-36;
361;16;-36;
357;13;-36;
349;13;-35;
348;3;-31;
347;-1;-23;
344;-3;-17;
344;-3;-10;
348;-3;-9;
353;3;-9;
358;3;-13;
363;6;-17;
367;6;-18;
370;6;-19;
372;10;-19;
372;10;-19;
368;10;-19;
367;12;-20;
361;14;-22;
355;14;-22;
353;14;-18;
352;14;-13;
351;16;-11;
351;17;-11;
351;18;-13;
351;19;-17;
351;19;-20;
352;19;-20;
354;19;-18;
355;18;-14;
356;18;-11;
357;16;-11;
358;16;-13;
358;15;-13;
360;14;-12;
361;12;-8;
361;11;-7;
361;9;-6;
361;9;-6;
362;8;-7;
362;6;-7;
362;6;-8;
360;2;-9;
359;2;-11;
359;4;-12;
359;4;-13;
359;4;-13;
357;4;-12;
355;5;-12;
354;5;-13;
351;4;-13;
348;4;-13;
348;4;-13;
348;3;-13;
349;3;-13;
350;3;-13;
351;2;-12;
352;2;-12;
353;2;-12;
354;2;-12;
354;3;-12;
355;5;-14;
356;5;-15;
356;5;-16;
353;5;-17;
353;8;-17;
352;9;-13;
351;10;-11;
351;11;-11;
352;12;-13;
353;14;-13;
355;15;-14;
357;17;-14;
358;17;-16;
359;18;-16;
361;18;-17;
361;18;-17;
361;17;-17;
361;16;-17;
360;16;-17;
358;16;-15;
354;16;-14;
353;16;-13;
353;16;-8;
354;17;-5;
354;18;-5;
355;18;-5;
356;18;-4;
356;18;-2;
357;17;-2;
358;16;-3;
358;16;-3;
359;15;-4;
359;13;-3;
358;12;-3;
358;12;-3;
357;12;-3;
356;12;-2;
356;12;-2;
356;11;3;
356;11;3;
357;10;3;
358;10;0;
359;10;0;
359;10;0;
360;10;1;
360;11;0;
360;12;1;
360;12;-1;
360;12;-1;
360;12;3;
359;13;3;
357;13;3;
354;13;4;
354;13;-5;
355;12;-5;
355;11;-5;
354;10;-5;
354;10;-5;
354;10;2;
354;11;2;
355;12;-1;
355;13;-1;
355;14;-2;
355;14;-4;
355;12;-4;
357;12;-4;
358;11;-4;
358;10;-3;
358;9;-3;
358;9;0;
358;9;0;
358;10;-7;
358;11;-7;
358;11;-7;
359;11;-5;
359;13;-5;
360;13;2;
360;11;2;
358;10;4;
358;10;5;
354;10;6;
353;12;5;
351;12;6;
351;12;5;
350;12;5;
350;13;3;
350;13;3;
353;13;3;
355;14;2;
357;15;2;
358;15;2;
359;14;-2;
359;13;-2;
360;11;0;
360;10;0;
360;10;-1;
360;9;-1;
361;7;-2;
361;7;-4;
361;7;-8;
362;7;-11;
362;7;-11;
361;8;-12;
360;8;-12;
357;8;-11;
356;9;-10;
356;9;-8;
355;9;-8;
354;9;-6;
354;9;-6;
355;9;-5;
355;9;-5;
355;9;-5;
356;7;-5;
356;7;-6;
357;7;-9;
357;7;-9;
357;7;-9;
356;7;-9;
356;7;-8;
356;7;-8;
357;8;-8;
357;8;-9;
358;9;-11;
358;9;-11;
358;9;-13;
358;9;-15;
359;8;-15;
359;8;-14;
359;7;-13;
359;7;-11;
359;7;-9;
358;6;-7;
357;6;-5;
357;6;-5;
357;6;-6;
357;6;-7;
357;8;-9;
357;9;-12;
356;9;-12;
353;9;-10;
351;9;-8;
350;9;-8;
349;9;-11;
349;9;-16;
349;8;-19;
350;7;-19;
352;7;-15;
354;6;-10;
356;6;-9;
358;7;-9;
358;8;-9;
359;9;-9;
359;9;-7;
359;10;-6;
360;10;-6;
360;10;-8;
360;11;-12;
360;11;-14;
359;10;-16;
359;10;-17;
358;10;-17;
358;10;-17;
357;11;-16;
355;11;-15;
354;10;-15;
354;10;-15;
353;9;-15;
352;9;-14;
352;8;-13;
351;8;-13;
351;8;-13;
351;8;-14;
352;8;-15;
352;9;-15;
352;9;-15;
354;9;-15;
357;10;-16;
357;11;-16;
357;11;-17;
357;12;-17;
357;12;-17;
357;12;-16;
356;12;-13;
356;13;-11;
355;13;-9;
355;12;-8;
354;11;-7;
353;11;-7;
352;12;-7;
352;12;-11;
353;11;-12;
354;11;-12;
355;10;-13;
356;10;-16;
357;11;-17;
357;12;-17;
359;13;-17;
361;13;-17;
362;14;-15;
363;15;-15;
363;15;-15;
363;14;-13;
362;12;-12;
360;11;-12;
358;10;-10;
357;9;-9;
356;9;-9;
355;9;-9;
354;9;-9;
353;10;-9;
353;11;-12;
353;12;-15;
354;13;-15;
355;13;-15;
356;13;-16;
356;13;-15;
357;13;-14;
358;13;-12;
358;12;-10;
357;11;-10;
355;11;-10;
355;11;-12;
354;11;-12;
354;11;-12;
355;11;-12;
356;11;-13;
356;11;-13;
356;10;-13;
356;10;-8;
357;10;-7;
357;11;-7;
357;12;-8;
356;12;-11;
356;12;-15;
356;12;-19;
357;12;-19;
357;12;-16;
357;13;-13;
356;13;-12;
356;14;-12;
355;14;-12;
354;14;-9;
354;13;-8;
354;13;-8;
353;12;-8;
353;11;-9;
354;11;-9;
355;11;-9;
357;12;-10;
358;12;-10;
358;12;-9;
357;13;-9;
357;14;-9;
358;14;-9;
358;14;-7;
357;14;-7;
357;14;-8;
357;14;-9;
357;13;-8;
357;12;-8;
357;12;-5;
356;11;-5;
356;11;-6;
356;11;-8;
356;10;-9;
356;10;-9;
355;10;-8;
355;9;-8;
356;9;-8;
356;10;-8;
356;10;-7;
356;10;-6;
355;10;-6;
355;10;-6;
355;11;-6;
356;11;-6;
356;12;-5;
356;12;-5;
357;12;-5;
357;13;-7;
357;13;-9;
357;13;-9;
357;13;-9;
357;12;-8;
357;12;-8;
358;13;-7;
358;13;-5;
358;13;-4;
358;13;-4;
358;13;-4;
357;13;-4;
357;13;-5;
357;13;-5;
356;12;-5;
356;12;-3;
356;12;-3;
356;12;-4;
356;12;-5;
356;12;-6;
355;12;-6;
355;12;-6;
355;12;-6;
356;12;-5;
356;11;-5;
356;11;-5;
357;10;-4;
357;10;-4;
358;10;-4;
358;10;-4;
358;10;-5;
358;10;-5;
358;11;-3;
357;11;-3;
357;11;-4;
358;11;-6;
358;11;-9;
357;11;-9;
356;11;-8;
355;11;-8;
355;11;1;
356;11;1;
356;11;-4;
356;11;-4;
356;11;-7;
356;10;-7;
357;10;-7;
358;10;-6;
359;10;-5;
359;10;-5;
359;12;-7;
359;12;-8;
359;12;-8;
358;12;-8;
357;12;3;
357;12;2;
357;12;3;
357;12;2;
357;12;0;
356;12;0;
355;12;0;
355;11;0;
356;11;-4;
356;11;-4;
356;11;-4;
355;11;-4;
355;10;-4;
355;9;-4;
355;8;-2;
355;8;-2;
355;8;-2;
356;8;-3;
356;9;-7;
357;9;-7;
357;10;-6;
357;10;-5;
358;10;-3;
358;11;-3;
358;12;-4;
358;12;-5;
357;12;-5;
356;12;-5;
356;13;-5;
356;13;-5;
356;13;-5;
356;13;-6;
356;13;-7;
357;13;-10;
357;13;-10;
357;12;-10;
357;11;-10;
358;11;-10;
358;11;-10;
358;12;-10;
357;12;-9;
357;12;-10;
357;12;-10;
356;13;-10;
356;13;-8;
355;13;-7;
355;14;-7;
355;14;-8;
355;13;-8;
356;13;-7;
356;12;-7;
356;12;-7;
356;11;-10;
356;11;-10;
356;10;-10;
356;10;-10;
356;10;-10;
356;11;-11;
356;11;-11;
356;12;-9;
356;12;-9;
356;12;-10;
356;11;-10;
356;11;-12;
356;10;-12;
356;9;-9;
356;9;-8;
356;9;-7;
356;10;-7;
356;10;-7;
355;11;-8;
355;12;-14;
356;13;-15;
356;13;-15;
354;11;-9;
354;11;-5;
355;12;-5;
356;12;-10;
356;12;-15;
356;12;-20;
356;12;-20;
356;11;-18;
356;11;-14;
357;11;-12;
357;11;-11;
357;12;-11;
357;13;-11;
357;13;-11;
357;13;-11;
357;12;-10;
358;11;-11;
358;11;-11;
359;11;-14;
359;10;-16;
360;10;-17;
360;10;-17;
358;10;-17;
357;11;-17;
356;11;-16;
355;11;-14;
354;11;-13;
353;11;-11;
353;10;-11;
353;10;-11;
354;10;-11;
354;10;-12;
355;10;-13;
356;10;-14;
357;10;-15;
358;10;-15;
358;10;-14;
358;11;-14;
357;11;-16;
357;11;-16;
357;11;-16;
357;11;-16;
357;11;-14;
357;11;-13;
356;12;-13;
356;13;-13;
355;13;-13;
355;13;-15;
355;13;-15;
355;13;-14;
355;13;-14;
353;12;-14;
353;12;-14;
353;12;-15;
353;11;-15;
353;11;-16;
352;12;-16;
352;12;-14;
352;13;-14;
352;13;-15;
353;13;-15;
354;13;-14;
354;13;-14;
355;13;-14;
357;13;-12;
357;12;-12;
358;13;-12;
359;13;-13;
360;13;-15;
360;12;-15;
360;12;-15;
360;12;-15;
358;11;-15;
357;11;-16;
356;11;-17;
354;10;-17;
